-115.2398,39.8110,1.0000,0.3000,0.0024
-115.2575,39.9094,1.0000,0.3110,0.0023
-115.2709,40.0085,1.0000,0.3219,0.0022
-115.2809,40.1080,1.0000,0.3329,0.0021
-115.2888,40.2077,1.0000,0.3439,0.0021
-115.2953,40.3075,1.0000,0.3548,0.0020
-115.3010,40.4073,1.0000,0.3658,0.0019
-115.3062,40.5072,1.0000,0.3767,0.0019
-115.3109,40.6071,1.0000,0.3877,0.0018
-115.3155,40.7070,1.0000,0.3987,0.0018
-115.3203,40.8069,1.0000,0.4096,0.0017
-115.3253,40.9067,1.0000,0.4206,0.0017
-115.3305,41.0066,1.0000,0.4316,0.0017
-115.3357,41.1065,1.0000,0.4425,0.0016
-115.3409,41.2063,1.0000,0.4535,0.0016
-115.3461,41.3062,1.0000,0.4644,0.0016
-115.3513,41.4061,1.0000,0.4754,0.0016
-115.3565,41.5059,1.0000,0.4864,0.0016
-115.3617,41.6058,1.0000,0.4973,0.0017
-115.3669,41.7056,1.0000,0.5083,0.0019
-115.3721,41.8055,1.0000,0.5193,0.0020
-115.3773,41.9054,1.0000,0.5302,0.0022
-115.3825,42.0052,1.0000,0.5412,0.0025
-115.3877,42.1051,1.0000,0.5521,0.0027
-115.3929,42.2050,1.0000,0.5631,0.0030
-115.3981,42.3048,1.0000,0.5741,0.0033
-115.4033,42.4047,1.0000,0.5850,0.0037
-115.4085,42.5046,1.0000,0.5960,0.0040
-115.4137,42.6044,1.0000,0.6070,0.0045
-115.4189,42.7043,1.0000,0.6179,0.0049
-115.4241,42.8042,1.0000,0.6289,0.0054
-115.4293,42.9040,1.0000,0.6399,0.0059
-115.4345,43.0039,1.0000,0.6508,0.0065
-115.4397,43.1038,1.0000,0.6618,0.0071
-115.4449,43.2036,1.0000,0.6727,0.0078
-115.4501,43.3035,1.0000,0.6837,0.0085
-115.4553,43.4033,1.0000,0.6947,0.0087
-115.4605,43.5032,1.0000,0.7056,0.0091
-115.4657,43.6031,1.0000,0.7166,0.0097
-115.4709,43.7029,1.0000,0.7276,0.0103
-115.4761,43.8028,1.0000,0.7385,0.0109
-115.4813,43.9027,1.0000,0.7495,0.0114
-115.4865,44.0025,1.0000,0.7604,0.0118
-115.4917,44.1024,1.0000,0.7714,0.0121
-115.4971,44.2023,1.0000,0.7824,0.0123
-115.5024,44.3021,1.0000,0.7933,0.0124
-115.5077,44.4020,1.0000,0.8043,0.0125
-115.5129,44.5018,1.0000,0.8153,0.0125
-115.5178,44.6017,1.0000,0.8262,0.0126
-115.5225,44.7016,1.0000,0.8372,0.0127
-115.5269,44.8015,1.0000,0.8481,0.0128
-115.5310,44.9014,1.0000,0.8591,0.0129
-115.5348,45.0014,1.0000,0.8701,0.0129
-115.5383,45.1013,1.0000,0.8810,0.0132
-115.5416,45.2012,1.0000,0.8920,0.0137
-115.5449,45.3012,1.0000,0.9030,0.0146
-115.5482,45.4011,1.0000,0.9139,0.0160
-115.5516,45.5011,1.0000,0.9249,0.0179
-115.5548,45.6010,1.0000,0.9359,0.0205
-115.5577,45.7010,1.0000,0.9468,0.0236
-115.5602,45.8009,1.0000,0.9578,0.0274
-115.5621,45.9009,1.0000,0.9687,0.0318
-115.5633,46.0009,1.0000,0.9797,0.0367
-115.5639,46.1009,1.0000,0.9907,0.0422
-115.5638,46.2009,1.0000,1.0016,0.0480
-115.5632,46.3009,1.0000,1.0126,0.0542
-115.5622,46.4009,1.0000,1.0236,0.0605
-115.5608,46.5009,1.0000,1.0345,0.0669
-115.5594,46.6009,1.0000,1.0455,0.0735
-115.5580,46.7009,1.0000,1.0564,0.0800
-115.5568,46.8009,1.0000,1.0674,0.0865
-115.5556,46.9009,1.0000,1.0784,0.0929
-115.5544,47.0009,1.0000,1.0893,0.0992
-115.5533,47.1009,1.0000,1.1003,0.1052
-115.5521,47.2008,1.0000,1.1113,0.1111
-115.5509,47.3008,1.0000,1.1222,0.1166
-115.5498,47.4008,1.0000,1.1332,0.1219
-115.5480,47.5008,1.0000,1.1441,0.1267
-115.5466,47.6008,1.0000,1.1551,0.1311
-115.5461,47.7008,1.0000,1.1661,0.1349
-115.5461,47.8008,1.0000,1.1770,0.1381
-115.5467,47.9008,1.0000,1.1880,0.1407
-115.5473,48.0008,1.0000,1.1990,0.1428
-115.5474,48.1008,1.0000,1.2099,0.1442
-115.5466,48.2008,1.0000,1.2209,0.1451
-115.5442,48.3008,1.0000,1.2319,0.1455
-115.5396,48.4007,1.0000,1.2428,0.1455
-115.5323,48.5004,1.0000,1.2538,0.1453
-115.5218,48.5998,1.0000,1.2647,0.1448
-115.5074,48.6988,1.0000,1.2757,0.1442
-115.4890,48.7971,1.0000,1.2867,0.1436
-115.4667,48.8946,1.0000,1.2976,0.1430
-115.4416,48.9914,1.0000,1.3086,0.1425
-115.4133,49.0873,1.0000,1.3196,0.1421
-115.3818,49.1822,1.0000,1.3305,0.1418
-115.3472,49.2760,1.0000,1.3415,0.1416
-115.3095,49.3686,1.0000,1.3524,0.1415
-115.2687,49.4599,1.0000,1.3634,0.1414
-115.2249,49.5498,1.0000,1.3744,0.1414
-115.1781,49.6382,1.0000,1.3853,0.1413
-115.1283,49.7249,1.0000,1.3963,0.1412
-115.0753,49.8097,1.0000,1.4073,0.1411
-115.0195,49.8927,1.0000,1.4182,0.1410
-114.9609,49.9737,1.0000,1.4292,0.1410
-114.9000,50.0530,1.0000,1.4401,0.1407
-114.8371,50.1308,1.0000,1.4511,0.1402
-114.7726,50.2072,1.0000,1.4621,0.1393
-114.7070,50.2826,1.0000,1.4730,0.1379
-114.6406,50.3575,1.0000,1.4840,0.1359
-114.5738,50.4319,1.0000,1.4950,0.1334
-114.5069,50.5062,1.0000,1.5059,0.1302
-114.4400,50.5805,1.0000,1.5169,0.1265
-114.3733,50.6551,1.0000,1.5279,0.1221
-114.3068,50.7298,1.0000,1.5388,0.1171
-114.2404,50.8045,1.0000,1.5498,0.1117
-114.1739,50.8792,1.0000,1.5607,0.1058
-114.1074,50.9539,1.0000,1.5717,0.0997
-114.0410,51.0286,1.0000,1.5827,0.0934
-113.9745,51.1033,1.0000,1.5936,0.0869
-113.9080,51.1780,1.0000,1.6046,0.0802
-113.8416,51.2527,1.0000,1.6156,0.0736
-113.7751,51.3274,1.0000,1.6265,0.0670
-113.7086,51.4021,1.0000,1.6350,0.0604
-113.6421,51.4768,1.0000,1.6381,0.0539
-113.5756,51.5515,1.0000,1.6394,0.0475
-113.5092,51.6263,1.0000,1.6388,0.0414
-113.4427,51.7010,1.0000,1.6364,0.0355
-113.3762,51.7757,1.0000,1.6322,0.0299
-113.3098,51.8504,1.0000,1.6261,0.0247
-113.2433,51.9251,1.0000,1.6183,0.0200
-113.1768,51.9998,1.0000,1.6096,0.0158
-113.1104,52.0745,1.0000,1.5999,0.0121
-113.0439,52.1492,1.0000,1.5892,0.0090
-112.9774,52.2239,1.0000,1.5775,0.0064
-112.9109,52.2986,1.0000,1.5648,0.0044
-112.8444,52.3733,1.0000,1.5510,0.0029
-112.7780,52.4480,1.0000,1.5375,0.0018
-112.7115,52.5228,1.0000,1.5250,0.0011
-112.6450,52.5975,1.0000,1.5133,0.0006
-112.5786,52.6722,1.0000,1.5025,0.0003
-112.5121,52.7469,1.0000,1.4927,0.0002
-112.4456,52.8216,1.0000,1.4838,0.0002
-112.3791,52.8963,1.0000,1.4758,0.0002
-112.3127,52.9710,1.0000,1.4689,0.0002
-112.2462,53.0457,1.0000,1.4629,0.0002
-112.1797,53.1204,1.0000,1.4579,0.0003
-112.1133,53.1951,1.0000,1.4530,0.0004
-112.0468,53.2698,1.0000,1.4483,0.0008
-111.9803,53.3445,1.0000,1.4437,0.0014
-111.9138,53.4193,1.0000,1.4394,0.0023
-111.8473,53.4940,1.0000,1.4353,0.0036
-111.7809,53.5687,1.0000,1.4316,0.0054
-111.7144,53.6434,1.0000,1.4282,0.0076
-111.6479,53.7181,1.0000,1.4251,0.0104
-111.5815,53.7928,1.0000,1.4222,0.0138
-111.5150,53.8675,1.0000,1.4196,0.0177
-111.4485,53.9422,1.0000,1.4173,0.0221
-111.3820,54.0169,1.0000,1.4151,0.0271
-111.3156,54.0916,1.0000,1.4132,0.0325
-111.2491,54.1664,1.0000,1.4114,0.0382
-111.1826,54.2411,1.0000,1.4097,0.0442
-111.1161,54.3158,1.0000,1.4082,0.0504
-111.0497,54.3905,1.0000,1.4067,0.0568
-110.9832,54.4652,1.0000,1.4054,0.0633
-110.9167,54.5399,1.0000,1.4041,0.0698
-110.8503,54.6146,1.0000,1.4030,0.0763
-110.7838,54.6893,1.0000,1.4020,0.0828
-110.7173,54.7640,1.0000,1.4010,0.0894
-110.6508,54.8387,1.0000,1.4001,0.0961
-110.5844,54.9134,1.0000,1.3993,0.1029
-110.5179,54.9881,1.0000,1.3986,0.1101
-110.4514,55.0628,1.0000,1.3979,0.1176
-110.3850,55.1376,1.0000,1.3973,0.1253
-110.3186,55.2124,1.0000,1.3967,0.1333
-110.2525,55.2874,1.0000,1.3962,0.1416
-110.1864,55.3625,1.0000,1.3957,0.1499
-110.1204,55.4375,1.0000,1.3952,0.1582
-110.0540,55.5124,1.0000,1.3948,0.1661
-109.9870,55.5866,1.0000,1.3944,0.1734
-109.9192,55.6600,1.0000,1.3941,0.1797
-109.8501,55.7324,1.0000,1.3938,0.1847
-109.7794,55.8031,1.0000,1.3935,0.1883
-109.7068,55.8718,1.0000,1.3932,0.1903
-109.6321,55.9383,1.0000,1.3929,0.1907
-109.5552,56.0023,1.0000,1.3927,0.1918
-109.4761,56.0634,1.0000,1.3932,0.1941
-109.3949,56.1218,1.0000,1.3948,0.1974
-109.3117,56.1773,1.0000,1.3976,0.2014
-109.2267,56.2299,1.0000,1.4016,0.2057
-109.1400,56.2797,1.0000,1.4071,0.2101
-109.0517,56.3266,1.0000,1.4142,0.2140
-108.9619,56.3706,1.0000,1.4229,0.2174
-108.8707,56.4115,1.0000,1.4335,0.2200
-108.7781,56.4493,1.0000,1.4462,0.2219
-108.6844,56.4841,1.0000,1.4610,0.2232
-108.5895,56.5157,1.0000,1.4781,0.2239
-108.4936,56.5441,1.0000,1.4975,0.2241
-108.3969,56.5693,1.0000,1.5188,0.2240
-108.2994,56.5915,1.0000,1.5407,0.2239
-108.2013,56.6112,1.0000,1.5633,0.2237
-108.1027,56.6278,1.0000,1.5867,0.2233
-108.0035,56.6405,1.0000,1.6102,0.2224
-107.9038,56.6470,1.0000,1.6332,0.2209
-107.8038,56.6460,1.0000,1.6558,0.2188
-107.7043,56.6377,1.0000,1.6779,0.2161
-107.6059,56.6199,1.0000,1.6991,0.2128
-107.5074,56.6022,1.0000,1.7195,0.2089
-107.4099,56.5805,1.0000,1.7388,0.2045
-107.3130,56.5558,1.0000,1.7568,0.1996
-107.2161,56.5311,1.0000,1.7733,0.1942
-107.1183,56.5104,1.0000,1.7881,0.1885
-107.0197,56.4937,1.0000,1.8011,0.1825
-106.9205,56.4812,1.0000,1.8121,0.1763
-106.8207,56.4747,1.0000,1.8215,0.1699
-106.7207,56.4727,1.0000,1.8306,0.1634
-106.6208,56.4741,1.0000,1.8392,0.1569
-106.5211,56.4815,1.0000,1.8474,0.1504
-106.4217,56.4922,1.0000,1.8550,0.1438
-106.3219,56.4990,1.0000,1.8622,0.1373
-106.2221,56.5044,1.0000,1.8688,0.1306
-106.1222,56.5095,1.0000,1.8750,0.1237
-106.0223,56.5143,1.0000,1.8807,0.1166
-105.9224,56.5188,1.0000,1.8859,0.1091
-105.8225,56.5229,1.0000,1.8906,0.1014
-105.7226,56.5267,1.0000,1.8949,0.0933
-105.6226,56.5302,1.0000,1.8988,0.0851
-105.5227,56.5335,1.0000,1.9024,0.0767
-105.4227,56.5366,1.0000,1.9057,0.0685
-105.3228,56.5397,1.0000,1.9087,0.0605
-105.2228,56.5428,1.0000,1.9115,0.0533
-105.1229,56.5461,1.0000,1.9141,0.0470
-105.0229,56.5493,1.0000,1.9165,0.0420
-104.9230,56.5526,1.0000,1.9188,0.0384
-104.8231,56.5558,1.0000,1.9208,0.0364
-104.7231,56.5591,1.0000,1.9227,0.0360
-104.6232,56.5624,1.0000,1.9245,0.0349
-104.5232,56.5656,1.0000,1.9261,0.0326
-104.4233,56.5689,1.0000,1.9275,0.0293
-104.3233,56.5721,1.0000,1.9289,0.0253
-104.2234,56.5754,1.0000,1.9301,0.0209
-104.1234,56.5786,1.0000,1.9312,0.0166
-104.0235,56.5819,1.0000,1.9323,0.0126
-103.9235,56.5851,1.0000,1.9332,0.0092
-103.8236,56.5884,1.0000,1.9341,0.0066
-103.7236,56.5916,1.0000,1.9350,0.0047
-103.6237,56.5949,1.0000,1.9357,0.0034
-103.5237,56.5981,1.0000,1.9364,0.0027
-103.4238,56.6014,1.0000,1.9370,0.0024
-103.3238,56.6046,1.0000,1.9376,0.0023
-103.2239,56.6079,1.0000,1.9382,0.0020
-103.1240,56.6111,1.0000,1.9387,0.0016
-103.0240,56.6144,1.0000,1.9391,0.0011
-102.9241,56.6177,1.0000,1.9396,0.0007
-102.8241,56.6209,1.0000,1.9399,0.0005
-102.7242,56.6242,1.0000,1.9403,0.0003
-102.6242,56.6274,1.0000,1.9406,0.0002
-102.5243,56.6307,1.0000,1.9409,0.0001
-102.4243,56.6339,1.0000,1.9412,0.0001
-102.3244,56.6372,1.0000,1.9415,0.0000
-102.2244,56.6404,1.0000,1.9417,0.0000
-102.1245,56.6437,1.0000,1.9419,0.0000
-102.0245,56.6469,1.0000,1.9421,0.0000
-101.9246,56.6502,1.0000,1.9423,0.0000
-101.8246,56.6534,1.0000,1.9425,0.0000
-101.7247,56.6567,1.0000,1.9426,0.0000
-101.6247,56.6599,1.0000,1.9428,0.0000
-101.5248,56.6632,1.0000,1.9429,0.0000
-101.4249,56.6665,1.0000,1.9430,0.0000
-101.3249,56.6697,1.0000,1.9431,0.0000
-101.2250,56.6730,1.0000,1.9432,0.0000
-101.1250,56.6762,1.0000,1.9433,0.0000
-101.0251,56.6795,1.0000,1.9434,0.0000
-100.9251,56.6827,1.0000,1.9435,0.0000
-100.8252,56.6860,1.0000,1.9436,0.0000
-100.7252,56.6892,1.0000,1.9437,0.0000
-100.6253,56.6925,1.0000,1.9437,0.0000
-100.5253,56.6957,1.0000,1.9438,0.0000
-100.4254,56.6990,1.0000,1.9438,0.0000
-100.3254,56.7022,1.0000,1.9439,0.0000
-100.2255,56.7055,1.0000,1.9439,0.0000
-100.1255,56.7087,1.0000,1.9440,0.0000
-100.0256,56.7120,1.0000,1.9440,0.0000
-99.9256,56.7153,1.0000,1.9440,0.0000
-99.8257,56.7185,1.0000,1.9441,0.0000
-99.7258,56.7218,1.0000,1.9441,0.0000
-99.6258,56.7250,1.0000,1.9441,0.0000
-99.5259,56.7283,1.0000,1.9442,0.0000
-99.4259,56.7315,1.0000,1.9442,0.0000
-99.3260,56.7348,1.0000,1.9442,0.0000
-99.2260,56.7380,1.0000,1.9442,0.0000
-99.1261,56.7413,1.0000,1.9442,0.0000
-99.0261,56.7445,1.0000,1.9443,0.0000
-98.9262,56.7478,1.0000,1.9443,0.0000
-98.8262,56.7510,1.0000,1.9443,0.0000
-98.7263,56.7543,1.0000,1.9443,0.0000
-98.6263,56.7575,1.0000,1.9443,0.0000
-98.5264,56.7608,1.0000,1.9443,0.0000
-98.4264,56.7641,1.0000,1.9443,0.0000
-98.3265,56.7673,1.0000,1.9443,0.0000
-98.2265,56.7706,1.0000,1.9443,0.0000
-98.1266,56.7738,1.0000,1.9444,0.0000
-98.0266,56.7771,1.0000,1.9444,0.0000
-97.9267,56.7803,1.0000,1.9444,0.0000
-97.8268,56.7836,1.0000,1.9444,0.0000
-97.7268,56.7868,1.0000,1.9444,0.0000
-97.6269,56.7901,1.0000,1.9444,0.0000
-97.5269,56.7933,1.0000,1.9444,0.0000
-97.4270,56.7966,1.0000,1.9444,0.0000
-97.3270,56.7998,1.0000,1.9444,0.0000
-97.2271,56.8031,1.0000,1.9444,0.0000
-97.1271,56.8063,1.0000,1.9444,0.0000
-97.0272,56.8096,1.0000,1.9444,0.0000
-96.9272,56.8129,1.0000,1.9444,0.0000
-96.8273,56.8161,1.0000,1.9444,0.0000
-96.7273,56.8194,1.0000,1.9444,0.0000
-96.6274,56.8226,1.0000,1.9444,0.0000
-96.5274,56.8259,1.0000,1.9444,0.0000
-96.4275,56.8291,1.0000,1.9444,0.0000
-96.3276,56.8324,1.0000,1.9444,0.0000
-96.2276,56.8356,1.0000,1.9444,0.0000
-96.1277,56.8389,1.0000,1.9444,0.0000
-96.0277,56.8421,1.0000,1.9444,0.0000
-95.9278,56.8454,1.0000,1.9444,0.0000
-95.8278,56.8486,1.0000,1.9444,0.0000
-95.7279,56.8519,1.0000,1.9444,0.0000
-95.6279,56.8551,1.0000,1.9444,0.0000
-95.5280,56.8584,1.0000,1.9444,0.0000
-95.4280,56.8616,1.0000,1.9444,0.0000
-95.3281,56.8649,1.0000,1.9444,0.0000
-95.2281,56.8682,1.0000,1.9444,0.0000
-95.1282,56.8714,1.0000,1.9444,0.0000
-95.0282,56.8747,1.0000,1.9444,0.0000
-94.9283,56.8779,1.0000,1.9444,0.0000
-94.8283,56.8812,1.0000,1.9444,0.0000
-94.7284,56.8844,1.0000,1.9444,0.0000
-94.6284,56.8877,1.0000,1.9444,0.0000
-94.5285,56.8909,1.0000,1.9444,0.0000
-94.4286,56.8942,1.0000,1.9444,0.0000
-94.3286,56.8974,1.0000,1.9444,0.0000
-94.2287,56.9007,1.0000,1.9444,0.0000
-94.1287,56.9039,1.0000,1.9444,0.0000
-94.0288,56.9072,1.0000,1.9444,0.0000
-93.9288,56.9104,1.0000,1.9444,0.0000
-93.8289,56.9137,1.0000,1.9444,0.0000
-93.7289,56.9170,1.0000,1.9444,0.0000
-93.6290,56.9202,1.0000,1.9444,0.0000
-93.5290,56.9235,1.0000,1.9444,0.0000
-93.4291,56.9267,1.0000,1.9444,0.0000
-93.3291,56.9300,1.0000,1.9444,0.0000
-93.2292,56.9332,1.0000,1.9444,0.0000
-93.1292,56.9365,1.0000,1.9444,0.0000
-93.0293,56.9397,1.0000,1.9444,0.0000
-92.9294,56.9430,1.0000,1.9444,0.0000
-92.8294,56.9462,1.0000,1.9444,0.0000
-92.7295,56.9495,1.0000,1.9444,0.0000
-92.6295,56.9527,1.0000,1.9444,0.0000
-92.5296,56.9560,1.0000,1.9444,0.0000
-92.4296,56.9592,1.0000,1.9444,0.0000
-92.3297,56.9625,1.0000,1.9444,0.0000
-92.2297,56.9658,1.0000,1.9444,0.0000
-92.1298,56.9690,1.0000,1.9444,0.0000
-92.0298,56.9723,1.0000,1.9444,0.0000
-91.9299,56.9755,1.0000,1.9444,0.0000
-91.8299,56.9788,1.0000,1.9444,0.0000
-91.7300,56.9820,1.0000,1.9444,0.0000
-91.6300,56.9853,1.0000,1.9444,0.0000
-91.5301,56.9885,1.0000,1.9444,0.0000
-91.4301,56.9918,1.0000,1.9444,0.0000
-91.3302,56.9950,1.0000,1.9444,0.0000
-91.2302,56.9983,1.0000,1.9444,0.0000
-91.1303,57.0015,1.0000,1.9444,0.0000
-91.0304,57.0048,1.0000,1.9444,0.0000
-90.9304,57.0080,1.0000,1.9444,0.0000
-90.8305,57.0113,1.0000,1.9444,0.0000
-90.7305,57.0146,1.0000,1.9444,0.0000
-90.6306,57.0178,1.0000,1.9444,0.0000
-90.5306,57.0211,1.0000,1.9444,0.0000
-90.4307,57.0243,1.0000,1.9444,0.0000
-90.3307,57.0276,1.0000,1.9444,0.0000
-90.2308,57.0308,1.0000,1.9444,0.0000
-90.1308,57.0341,1.0000,1.9444,0.0000
-90.0309,57.0373,1.0000,1.9444,0.0000
-89.9309,57.0406,1.0000,1.9444,0.0000
-89.8310,57.0438,1.0000,1.9444,0.0000
-89.7310,57.0471,1.0000,1.9444,0.0000
-89.6311,57.0503,1.0000,1.9444,0.0000
-89.5312,57.0536,1.0000,1.9444,0.0000
-89.4312,57.0568,1.0000,1.9444,0.0000
-89.3313,57.0601,1.0000,1.9444,0.0000
-89.2313,57.0634,1.0000,1.9444,0.0000
-89.1314,57.0666,1.0000,1.9444,0.0000
-89.0314,57.0699,1.0000,1.9444,0.0000
-88.9315,57.0731,1.0000,1.9444,0.0000
-88.8315,57.0764,1.0000,1.9444,0.0000
-88.7316,57.0796,1.0000,1.9444,0.0000
-88.6316,57.0829,1.0000,1.9444,0.0000
-88.5317,57.0861,1.0000,1.9444,0.0000
-88.4317,57.0894,1.0000,1.9444,0.0000
-88.3318,57.0926,1.0000,1.9444,0.0000
-88.2318,57.0959,1.0000,1.9444,0.0000
-88.1319,57.0991,1.0000,1.9444,0.0000
-88.0319,57.1024,1.0000,1.9444,0.0000
-87.9320,57.1056,1.0000,1.9444,0.0000
-87.8321,57.1089,1.0000,1.9444,0.0000
-87.7321,57.1122,1.0000,1.9444,0.0000
-87.6322,57.1154,1.0000,1.9444,0.0000
-87.5322,57.1187,1.0000,1.9444,0.0000
-87.4323,57.1219,1.0000,1.9444,0.0000
-87.3323,57.1252,1.0000,1.9444,0.0000
-87.2324,57.1284,1.0000,1.9444,0.0000
-87.1324,57.1317,1.0000,1.9444,0.0000
-87.0325,57.1349,1.0000,1.9444,0.0000
-86.9325,57.1382,1.0000,1.9444,0.0000
-86.8326,57.1414,1.0000,1.9444,0.0000
-86.7326,57.1447,1.0000,1.9444,0.0000
-86.6327,57.1479,1.0000,1.9444,0.0000
-86.5327,57.1512,1.0000,1.9444,0.0000
-86.4328,57.1544,1.0000,1.9444,0.0000
-86.3328,57.1577,1.0000,1.9444,0.0000
-86.2329,57.1609,1.0000,1.9444,0.0000
-86.1329,57.1642,1.0000,1.9444,0.0000
-86.0330,57.1675,1.0000,1.9444,0.0000
-85.9331,57.1707,1.0000,1.9444,0.0000
-85.8331,57.1740,1.0000,1.9444,0.0000
-85.7332,57.1772,1.0000,1.9444,0.0000
-85.6332,57.1805,1.0000,1.9444,0.0000
-85.5333,57.1837,1.0000,1.9444,0.0000
-85.4333,57.1870,1.0000,1.9444,0.0000
-85.3334,57.1902,1.0000,1.9444,0.0000
-85.2334,57.1935,1.0000,1.9444,0.0000
-85.1335,57.1967,1.0000,1.9444,0.0000
-85.0335,57.2000,1.0000,1.9444,0.0000
-84.9336,57.2032,1.0000,1.9444,0.0000
-84.8336,57.2065,1.0000,1.9444,0.0000
-84.7337,57.2098,1.0000,1.9444,0.0000
-84.6337,57.2130,1.0000,1.9444,0.0000
-84.5338,57.2163,1.0000,1.9444,0.0000
-84.4339,57.2195,1.0000,1.9444,0.0000
-84.3339,57.2228,1.0000,1.9444,0.0000
-84.2340,57.2260,1.0000,1.9444,0.0000
-84.1340,57.2293,1.0000,1.9444,0.0000
-84.0341,57.2325,1.0000,1.9444,0.0000
-83.9341,57.2358,1.0000,1.9444,0.0000
-83.8342,57.2390,1.0000,1.9444,0.0000
-83.7342,57.2423,1.0000,1.9444,0.0000
-83.6343,57.2455,1.0000,1.9444,0.0000
-83.5343,57.2488,1.0000,1.9444,0.0000
-83.4344,57.2520,1.0000,1.9444,0.0000
-83.3344,57.2553,1.0000,1.9444,0.0000
-83.2345,57.2585,1.0000,1.9444,0.0000
-83.1345,57.2618,1.0000,1.9444,0.0000
-83.0346,57.2651,1.0000,1.9444,0.0000
-82.9346,57.2683,1.0000,1.9444,0.0000
-82.8347,57.2716,1.0000,1.9444,0.0000
-82.7347,57.2748,1.0000,1.9444,0.0000
-82.6348,57.2781,1.0000,1.9444,0.0000
-82.5349,57.2813,1.0000,1.9444,0.0000
-82.4349,57.2846,1.0000,1.9444,0.0000
-82.3350,57.2878,1.0000,1.9444,0.0000
-82.2350,57.2911,1.0000,1.9444,0.0000
-82.1351,57.2943,1.0000,1.9444,0.0000
-82.0351,57.2976,1.0000,1.9444,0.0000
-81.9352,57.3008,1.0000,1.9444,0.0000
-81.8352,57.3041,1.0000,1.9444,0.0000
-81.7353,57.3074,1.0000,1.9444,0.0000
-81.6353,57.3106,1.0000,1.9444,0.0000
-81.5354,57.3139,1.0000,1.9444,0.0000
-81.4354,57.3171,1.0000,1.9444,0.0000
-81.3355,57.3204,1.0000,1.9444,0.0000
-81.2355,57.3236,1.0000,1.9444,0.0000
-81.1356,57.3269,1.0000,1.9444,0.0000
-81.0357,57.3301,1.0000,1.9444,0.0000
-80.9357,57.3334,1.0000,1.9444,0.0000
-80.8358,57.3366,1.0000,1.9444,0.0000
-80.7358,57.3399,1.0000,1.9444,0.0000
-80.6359,57.3431,1.0000,1.9444,0.0000
-80.5359,57.3464,1.0000,1.9444,0.0000
-80.4360,57.3496,1.0000,1.9444,0.0000
-80.3360,57.3529,1.0000,1.9444,0.0000
-80.2361,57.3561,1.0000,1.9444,0.0000
-80.1361,57.3594,1.0000,1.9444,0.0000
-80.0362,57.3627,1.0000,1.9444,0.0000
-79.9362,57.3659,1.0000,1.9444,0.0000
-79.8363,57.3692,1.0000,1.9444,0.0000
-79.7363,57.3724,1.0000,1.9444,0.0000
-79.6364,57.3757,1.0000,1.9444,0.0000
-79.5364,57.3789,1.0000,1.9444,0.0000
-79.4365,57.3822,1.0000,1.9444,0.0000
-79.3365,57.3854,1.0000,1.9444,0.0000
-79.2366,57.3887,1.0000,1.9444,0.0000
-79.1367,57.3919,1.0000,1.9444,0.0000
-79.0367,57.3952,1.0000,1.9444,0.0000
-78.9368,57.3984,1.0000,1.9444,0.0000
-78.8368,57.4017,1.0000,1.9444,0.0000
-78.7369,57.4049,1.0000,1.9444,0.0000
-78.6369,57.4082,1.0000,1.9444,0.0000
-78.5370,57.4115,1.0000,1.9444,0.0000
-78.4370,57.4147,1.0000,1.9444,0.0000
-78.3371,57.4180,1.0000,1.9444,0.0000
-78.2371,57.4212,1.0000,1.9444,0.0000
-78.1372,57.4245,1.0000,1.9444,0.0000
-78.0372,57.4277,1.0000,1.9444,0.0000
-77.9373,57.4310,1.0000,1.9444,0.0000
-77.8373,57.4342,1.0000,1.9444,0.0000
-77.7374,57.4375,1.0000,1.9444,0.0000
-77.6375,57.4407,1.0000,1.9444,0.0000
-77.5375,57.4440,1.0000,1.9444,0.0000
-77.4376,57.4472,1.0000,1.9444,0.0000
-77.3376,57.4505,1.0000,1.9444,0.0000
-77.2377,57.4537,1.0000,1.9444,0.0000
-77.1377,57.4570,1.0000,1.9444,0.0000
-77.0378,57.4603,1.0000,1.9444,0.0000
-76.9378,57.4635,1.0000,1.9444,0.0000
-76.8379,57.4668,1.0000,1.9444,0.0000
-76.7379,57.4700,1.0000,1.9444,0.0000
-76.6380,57.4733,1.0000,1.9444,0.0000
-76.5380,57.4765,1.0000,1.9444,0.0000
-76.4381,57.4798,1.0000,1.9444,0.0000
-76.3381,57.4830,1.0000,1.9444,0.0000
-76.2382,57.4863,1.0000,1.9444,0.0000
-76.1382,57.4895,1.0000,1.9444,0.0000
-76.0383,57.4928,1.0000,1.9444,0.0000
-75.9383,57.4960,1.0000,1.9444,0.0000
-75.8384,57.4993,1.0000,1.9444,0.0000
-75.7385,57.5025,1.0000,1.9444,0.0000
-75.6385,57.5058,1.0000,1.9444,0.0000
-75.5386,57.5091,1.0000,1.9444,0.0000
-75.4386,57.5123,1.0000,1.9444,0.0000
-75.3387,57.5156,1.0000,1.9444,0.0000
-75.2387,57.5188,1.0000,1.9444,0.0000
-75.1388,57.5221,1.0000,1.9444,0.0000
-75.0388,57.5253,1.0000,1.9444,0.0000
-74.9389,57.5286,1.0000,1.9444,0.0000
-74.8389,57.5318,1.0000,1.9444,0.0000
-74.7390,57.5351,1.0000,1.9444,0.0000
-74.6390,57.5383,1.0000,1.9444,0.0000
-74.5391,57.5416,1.0000,1.9444,0.0000
-74.4391,57.5448,1.0000,1.9444,0.0000
-74.3392,57.5481,1.0000,1.9444,0.0000
-74.2393,57.5513,1.0000,1.9444,0.0000
-74.1393,57.5546,1.0000,1.9444,0.0000
-74.0394,57.5578,1.0000,1.9444,0.0000
-73.9394,57.5611,1.0000,1.9444,0.0000
-73.8395,57.5644,1.0000,1.9444,0.0000
-73.7395,57.5676,1.0000,1.9444,0.0000
-73.6396,57.5709,1.0000,1.9444,0.0000
-73.5396,57.5741,1.0000,1.9444,0.0000
-73.4397,57.5774,1.0000,1.9444,0.0000
-73.3397,57.5806,1.0000,1.9444,0.0000
-73.2398,57.5839,1.0000,1.9444,0.0000
-73.1398,57.5871,1.0000,1.9444,0.0000
-73.0399,57.5904,1.0000,1.9444,0.0000
-72.9399,57.5936,1.0000,1.9444,0.0000
-72.8400,57.5969,1.0000,1.9444,0.0000
-72.7400,57.6001,1.0000,1.9444,0.0000
-72.6401,57.6034,1.0000,1.9444,0.0000
-72.5401,57.6067,1.0000,1.9444,0.0000
-72.4402,57.6099,1.0000,1.9444,0.0000
-72.3403,57.6132,1.0000,1.9444,0.0000
-72.2403,57.6164,1.0000,1.9444,0.0000
-72.1404,57.6197,1.0000,1.9444,0.0000
-72.0404,57.6229,1.0000,1.9444,0.0000
-71.9405,57.6262,1.0000,1.9444,0.0000
-71.8405,57.6294,1.0000,1.9444,0.0000
-71.7406,57.6327,1.0000,1.9444,0.0000
-71.6406,57.6359,1.0000,1.9444,0.0000
-71.5407,57.6392,1.0000,1.9444,0.0000
-71.4407,57.6424,1.0000,1.9444,0.0000
-71.3408,57.6457,1.0000,1.9444,0.0000
-71.2408,57.6489,1.0000,1.9444,0.0000
-71.1409,57.6522,1.0000,1.9444,0.0000
-71.0409,57.6554,1.0000,1.9444,0.0000
-70.9410,57.6587,1.0000,1.9444,0.0000
-70.8410,57.6620,1.0000,1.9444,0.0000
-70.7411,57.6652,1.0000,1.9444,0.0000
-70.6412,57.6685,1.0000,1.9444,0.0000
-70.5412,57.6717,1.0000,1.9444,0.0000
-70.4413,57.6750,1.0000,1.9444,0.0000
-70.3413,57.6782,1.0000,1.9444,0.0000
-70.2414,57.6815,1.0000,1.9444,0.0000
-70.1414,57.6847,1.0000,1.9444,0.0000
-70.0415,57.6880,1.0000,1.9444,0.0000
-69.9415,57.6912,1.0000,1.9444,0.0000
-69.8416,57.6945,1.0000,1.9444,0.0000
-69.7416,57.6977,1.0000,1.9444,0.0000
-69.6417,57.7010,1.0000,1.9444,0.0000
-69.5417,57.7043,1.0000,1.9444,0.0000
-69.4418,57.7075,1.0000,1.9444,0.0000
-69.3418,57.7108,1.0000,1.9444,0.0000
-69.2419,57.7140,1.0000,1.9444,0.0000
-69.1420,57.7173,1.0000,1.9444,0.0000
-69.0420,57.7205,1.0000,1.9444,0.0000
-68.9421,57.7238,1.0000,1.9444,0.0000
-68.8421,57.7270,1.0000,1.9444,0.0000
-68.7422,57.7303,1.0000,1.9444,0.0000
-68.6422,57.7335,1.0000,1.9444,0.0000
-68.5423,57.7368,1.0000,1.9444,0.0000
-68.4423,57.7400,1.0000,1.9444,0.0000
-68.3424,57.7433,1.0000,1.9444,0.0000
-68.2424,57.7465,1.0000,1.9444,0.0000
-68.1425,57.7498,1.0000,1.9444,0.0000
-68.0425,57.7530,1.0000,1.9444,0.0000
-67.9426,57.7563,1.0000,1.9444,0.0000
-67.8426,57.7596,1.0000,1.9444,0.0000
-67.7427,57.7628,1.0000,1.9444,0.0000
-67.6427,57.7661,1.0000,1.9444,0.0000
-67.5428,57.7693,1.0000,1.9444,0.0000
-67.4428,57.7726,1.0000,1.9444,0.0000
-67.3429,57.7758,1.0000,1.9444,0.0000
-67.2430,57.7791,1.0000,1.9444,0.0000
-67.1430,57.7823,1.0000,1.9444,0.0000
-67.0431,57.7856,1.0000,1.9444,0.0000
-66.9431,57.7888,1.0000,1.9444,0.0000
-66.8432,57.7921,1.0000,1.9444,0.0000
-66.7432,57.7953,1.0000,1.9444,0.0000
-66.6433,57.7986,1.0000,1.9444,0.0000
-66.5433,57.8018,1.0000,1.9444,0.0000
-66.4434,57.8051,1.0000,1.9444,0.0000
-66.3434,57.8084,1.0000,1.9444,0.0000
-66.2435,57.8116,1.0000,1.9444,0.0000
-66.1435,57.8149,1.0000,1.9444,0.0000
-66.0436,57.8181,1.0000,1.9444,0.0000
-65.9436,57.8214,1.0000,1.9444,0.0000
-65.8437,57.8246,1.0000,1.9444,0.0000
-65.7438,57.8279,1.0000,1.9444,0.0000
-65.6438,57.8311,1.0000,1.9444,0.0000
-65.5439,57.8344,1.0000,1.9444,0.0000
-65.4439,57.8376,1.0000,1.9444,0.0000
-65.3440,57.8409,1.0000,1.9444,0.0000
-65.2440,57.8441,1.0000,1.9444,0.0000
-65.1441,57.8474,1.0000,1.9444,0.0000
-65.0441,57.8506,1.0000,1.9444,0.0000
-64.9442,57.8539,1.0000,1.9444,0.0000
-64.8442,57.8572,1.0000,1.9444,0.0000
-64.7443,57.8604,1.0000,1.9444,0.0000
-64.6443,57.8637,1.0000,1.9444,0.0000
-64.5444,57.8669,1.0000,1.9444,0.0000
-64.4444,57.8702,1.0000,1.9444,0.0000
-64.3445,57.8734,1.0000,1.9444,0.0000
-64.2445,57.8767,1.0000,1.9444,0.0000
-64.1446,57.8799,1.0000,1.9444,0.0000
-64.0446,57.8832,1.0000,1.9444,0.0000
-63.9447,57.8864,1.0000,1.9444,0.0000
-63.8448,57.8897,1.0000,1.9444,0.0000
-63.7448,57.8929,1.0000,1.9444,0.0000
-63.6449,57.8962,1.0000,1.9444,0.0000
-63.5449,57.8994,1.0000,1.9444,0.0000
-63.4450,57.9027,1.0000,1.9444,0.0000
-63.3450,57.9060,1.0000,1.9444,0.0000
-63.2451,57.9092,1.0000,1.9444,0.0000
-63.1451,57.9125,1.0000,1.9444,0.0000
-63.0452,57.9157,1.0000,1.9444,0.0000
-62.9452,57.9190,1.0000,1.9444,0.0000
-62.8453,57.9222,1.0000,1.9444,0.0000
-62.7453,57.9255,1.0000,1.9444,0.0000
-62.6454,57.9287,1.0000,1.9444,0.0000
-62.5454,57.9320,1.0000,1.9444,0.0000
-62.4455,57.9352,1.0000,1.9444,0.0000
-62.3455,57.9385,1.0000,1.9444,0.0000
-62.2456,57.9417,1.0000,1.9444,0.0000
-62.1457,57.9450,1.0000,1.9444,0.0000
-62.0457,57.9482,1.0000,1.9444,0.0000
-61.9458,57.9515,1.0000,1.9444,0.0000
-61.8458,57.9548,1.0000,1.9444,0.0000
-61.7459,57.9580,1.0000,1.9444,0.0000
-61.6459,57.9613,1.0000,1.9444,0.0000
-61.5460,57.9645,1.0000,1.9444,0.0000
-61.4460,57.9678,1.0000,1.9444,0.0000
-61.3461,57.9710,1.0000,1.9444,0.0000
-61.2461,57.9743,1.0000,1.9444,0.0000
-61.1462,57.9775,1.0000,1.9444,0.0000
-61.0462,57.9808,1.0000,1.9444,0.0000
-60.9463,57.9840,1.0000,1.9444,0.0000
-60.8463,57.9873,1.0000,1.9444,0.0000
-60.7464,57.9905,1.0000,1.9444,0.0000
-60.6465,57.9938,1.0000,1.9444,0.0000
-60.5465,57.9970,1.0000,1.9444,0.0000
-60.4466,58.0003,1.0000,1.9444,0.0000
-60.3466,58.0036,1.0000,1.9444,0.0000
-60.2467,58.0068,1.0000,1.9444,0.0000
-60.1467,58.0101,1.0000,1.9444,0.0000
-60.0468,58.0133,1.0000,1.9444,0.0000
-59.9468,58.0166,1.0000,1.9444,0.0000
-59.8469,58.0198,1.0000,1.9444,0.0000
-59.7469,58.0231,1.0000,1.9444,0.0000
-59.6470,58.0263,1.0000,1.9444,0.0000
-59.5470,58.0296,1.0000,1.9444,0.0000
-59.4471,58.0328,1.0000,1.9444,0.0000
-59.3471,58.0361,1.0000,1.9444,0.0000
-59.2472,58.0393,1.0000,1.9444,0.0000
-59.1472,58.0426,1.0000,1.9444,0.0000
-59.0473,58.0458,1.0000,1.9444,0.0000
-58.9473,58.0491,1.0000,1.9444,0.0000
-58.8474,58.0523,1.0000,1.9444,0.0000
-58.7475,58.0556,1.0000,1.9444,0.0000
-58.6475,58.0589,1.0000,1.9444,0.0000
-58.5476,58.0621,1.0000,1.9444,0.0000
-58.4476,58.0654,1.0000,1.9444,0.0000
-58.3477,58.0686,1.0000,1.9444,0.0000
-58.2477,58.0719,1.0000,1.9444,0.0000
-58.1478,58.0751,1.0000,1.9444,0.0000
-58.0478,58.0784,1.0000,1.9444,0.0000
-57.9479,58.0816,1.0000,1.9444,0.0000
-57.8479,58.0849,1.0000,1.9444,0.0000
-57.7480,58.0881,1.0000,1.9444,0.0000
-57.6480,58.0914,1.0000,1.9444,0.0000
-57.5481,58.0946,1.0000,1.9444,0.0000
-57.4481,58.0979,1.0000,1.9444,0.0000
-57.3482,58.1011,1.0000,1.9444,0.0000
-57.2482,58.1044,1.0000,1.9444,0.0000
-57.1483,58.1077,1.0000,1.9444,0.0000
-57.0484,58.1109,1.0000,1.9444,0.0000
-56.9484,58.1142,1.0000,1.9444,0.0000
-56.8485,58.1174,1.0000,1.9444,0.0000
-56.7485,58.1207,1.0000,1.9444,0.0000
-56.6486,58.1239,1.0000,1.9444,0.0000
-56.5486,58.1272,1.0000,1.9444,0.0000
-56.4487,58.1304,1.0000,1.9444,0.0000
-56.3487,58.1337,1.0000,1.9444,0.0000
-56.2488,58.1369,1.0000,1.9444,0.0000
-56.1488,58.1402,1.0000,1.9444,0.0000
-56.0489,58.1434,1.0000,1.9444,0.0000
-55.9489,58.1467,1.0000,1.9444,0.0000
-55.8490,58.1499,1.0000,1.9444,0.0000
-55.7490,58.1532,1.0000,1.9444,0.0000
-55.6491,58.1565,1.0000,1.9444,0.0000
-55.5491,58.1597,1.0000,1.9444,0.0000
-55.4492,58.1630,1.0000,1.9444,0.0000
-55.3493,58.1662,1.0000,1.9444,0.0000
-55.2493,58.1695,1.0000,1.9444,0.0000
-55.1494,58.1727,1.0000,1.9444,0.0000
-55.0494,58.1760,1.0000,1.9444,0.0000
-54.9495,58.1792,1.0000,1.9444,0.0000
-54.8495,58.1825,1.0000,1.9444,0.0000
-54.7496,58.1857,1.0000,1.9444,0.0000
-54.6496,58.1890,1.0000,1.9444,0.0000
-54.5497,58.1922,1.0000,1.9444,0.0000
-54.4497,58.1955,1.0000,1.9444,0.0000
-54.3498,58.1987,1.0000,1.9444,0.0000
-54.2498,58.2020,1.0000,1.9444,0.0000
-54.1499,58.2053,1.0000,1.9444,0.0000
-54.0499,58.2085,1.0000,1.9444,0.0000
-53.9500,58.2118,1.0000,1.9444,0.0000
-53.8500,58.2150,1.0000,1.9444,0.0000
-53.7501,58.2183,1.0000,1.9444,0.0000
-53.6502,58.2215,1.0000,1.9444,0.0000
-53.5502,58.2248,1.0000,1.9444,0.0000
-53.4503,58.2280,1.0000,1.9444,0.0000
-53.3503,58.2313,1.0000,1.9444,0.0000
-53.2504,58.2345,1.0000,1.9444,0.0000
-53.1504,58.2378,1.0000,1.9444,0.0000
-53.0505,58.2410,1.0000,1.9444,0.0000
-52.9505,58.2443,1.0000,1.9444,0.0000
-52.8506,58.2475,1.0000,1.9444,0.0000
-52.7506,58.2508,1.0000,1.9444,0.0000
-52.6507,58.2541,1.0000,1.9444,0.0000
-52.5507,58.2573,1.0000,1.9444,0.0000
-52.4508,58.2606,1.0000,1.9444,0.0000
-52.3508,58.2638,1.0000,1.9444,0.0000
-52.2509,58.2671,1.0000,1.9444,0.0000
-52.1509,58.2703,1.0000,1.9444,0.0000
-52.0510,58.2736,1.0000,1.9444,0.0000
-51.9511,58.2768,1.0000,1.9444,0.0000
-51.8511,58.2801,1.0000,1.9444,0.0000
-51.7512,58.2833,1.0000,1.9444,0.0000
-51.6512,58.2866,1.0000,1.9444,0.0000
-51.5513,58.2898,1.0000,1.9444,0.0000
-51.4513,58.2931,1.0000,1.9444,0.0000
-51.3514,58.2963,1.0000,1.9444,0.0000
-51.2514,58.2996,1.0000,1.9444,0.0000
-51.1515,58.3029,1.0000,1.9444,0.0000
-51.0515,58.3061,1.0000,1.9444,0.0000
-50.9516,58.3094,1.0000,1.9444,0.0000
-50.8516,58.3126,1.0000,1.9444,0.0000
-50.7517,58.3159,1.0000,1.9444,0.0000
-50.6517,58.3191,1.0000,1.9444,0.0000
-50.5518,58.3224,1.0000,1.9444,0.0000
-50.4518,58.3256,1.0000,1.9444,0.0000
-50.3519,58.3289,1.0000,1.9444,0.0000
-50.2520,58.3321,1.0000,1.9444,0.0000
-50.1520,58.3354,1.0000,1.9444,0.0000
-50.0521,58.3386,1.0000,1.9444,0.0000
-49.9521,58.3419,1.0000,1.9444,0.0000
-49.8522,58.3451,1.0000,1.9444,0.0000
-49.7522,58.3484,1.0000,1.9444,0.0000
-49.6523,58.3517,1.0000,1.9444,0.0000
-49.5523,58.3549,1.0000,1.9444,0.0000
-49.4524,58.3582,1.0000,1.9444,0.0000
-49.3524,58.3614,1.0000,1.9444,0.0000
-49.2525,58.3647,1.0000,1.9444,0.0000
-49.1525,58.3679,1.0000,1.9444,0.0000
-49.0526,58.3712,1.0000,1.9440,0.0000
-48.9526,58.3744,1.0000,1.9425,0.0000
-48.8527,58.3777,1.0000,1.9398,0.0000
-48.7527,58.3809,1.0000,1.9361,0.0000
-48.6528,58.3842,1.0000,1.9314,0.0000
-48.5529,58.3874,1.0000,1.9255,0.0000
-48.4529,58.3907,1.0000,1.9187,0.0000
-48.3530,58.3939,1.0000,1.9108,0.0000
-48.2530,58.3972,1.0000,1.9018,0.0000
-48.1531,58.4004,1.0000,1.8918,0.0000
-48.0531,58.4037,1.0000,1.8808,0.0000
-47.9532,58.4070,1.0000,1.8688,0.0000
-47.8532,58.4102,1.0000,1.8557,0.0000
-47.7533,58.4135,1.0000,1.8416,0.0000
-47.6533,58.4167,1.0000,1.8265,0.0000
-47.5534,58.4200,1.0000,1.8104,0.0000
-47.4534,58.4232,1.0000,1.7938,0.0000
-47.3535,58.4265,1.0000,1.7773,0.0001
-47.2535,58.4297,1.0000,1.7612,0.0002
-47.1536,58.4330,1.0000,1.7453,0.0002
-47.0536,58.4362,1.0000,1.7298,0.0003
-46.9537,58.4395,1.0000,1.7148,0.0003
-46.8538,58.4427,1.0000,1.7002,0.0004
-46.7538,58.4460,1.0000,1.6862,0.0006
-46.6539,58.4492,1.0000,1.6729,0.0011
-46.5539,58.4525,1.0000,1.6603,0.0019
-46.4540,58.4558,1.0000,1.6485,0.0030
-46.3540,58.4590,1.0000,1.6377,0.0047
-46.2541,58.4623,1.0000,1.6279,0.0068
-46.1541,58.4655,1.0000,1.6191,0.0095
-46.0542,58.4688,1.0000,1.6116,0.0128
-45.9542,58.4720,1.0000,1.6052,0.0167
-45.8543,58.4753,1.0000,1.6002,0.0212
-45.7543,58.4785,1.0000,1.5965,0.0261
-45.6544,58.4818,1.0000,1.5941,0.0315
-45.5544,58.4850,1.0000,1.5931,0.0373
-45.4545,58.4883,1.0000,1.5935,0.0432
-45.3545,58.4915,1.0000,1.5952,0.0493
-45.2546,58.4948,1.0000,1.5984,0.0553
-45.1547,58.4980,1.0000,1.6028,0.0612
-45.0547,58.5013,1.0000,1.6087,0.0668
-44.9548,58.5046,1.0000,1.6159,0.0720
-44.8548,58.5078,1.0000,1.6244,0.0768
-44.7549,58.5111,1.0000,1.6343,0.0811
-44.6549,58.5143,1.0000,1.6455,0.0848
-44.5550,58.5176,1.0000,1.6581,0.0880
-44.4550,58.5208,1.0000,1.6720,0.0905
-44.3551,58.5240,1.0000,1.6863,0.0926
-44.2551,58.5271,1.0000,1.7008,0.0942
-44.1552,58.5305,1.0000,1.7153,0.0953
-44.0553,58.5343,1.0000,1.7297,0.0961
-43.9553,58.5384,1.0000,1.7440,0.0966
-43.8554,58.5427,1.0000,1.7581,0.0969
-43.7555,58.5467,1.0000,1.7719,0.0970
-43.6556,58.5499,1.0000,1.7852,0.0971
-43.5556,58.5523,1.0000,1.7981,0.0971
-43.4556,58.5528,1.0000,1.8103,0.0971
-43.3556,58.5510,1.0000,1.8219,0.0972
-43.2557,58.5466,1.0000,1.8326,0.0972
-43.1560,58.5390,1.0000,1.8424,0.0972
-43.0567,58.5278,1.0000,1.8512,0.0972
-42.9578,58.5130,1.0000,1.8588,0.0972
-42.8595,58.4948,1.0000,1.8651,0.0972
-42.7618,58.4732,1.0000,1.8709,0.0972
-42.6650,58.4483,1.0000,1.8763,0.0972
-42.5692,58.4199,1.0000,1.8815,0.0972
-42.4743,58.3882,1.0000,1.8864,0.0972
-42.3806,58.3534,1.0000,1.8910,0.0972
-42.2879,58.3159,1.0000,1.8953,0.0971
-42.1962,58.2760,1.0000,1.8993,0.0971
-42.1053,58.2342,1.0000,1.9030,0.0970
-42.0151,58.1912,1.0000,1.9064,0.0970
-41.9253,58.1471,1.0000,1.9095,0.0970
-41.8359,58.1024,1.0000,1.9123,0.0969
-41.7465,58.0576,1.0000,1.9149,0.0966
-41.6571,58.0127,1.0000,1.9172,0.0961
-41.5676,57.9681,1.0000,1.9193,0.0954
-41.4780,57.9237,1.0000,1.9213,0.0942
-41.3884,57.8793,1.0000,1.9231,0.0926
-41.2988,57.8350,1.0000,1.9248,0.0904
-41.2091,57.7906,1.0000,1.9263,0.0877
-41.1195,57.7463,1.0000,1.9278,0.0844
-41.0299,57.7020,1.0000,1.9290,0.0805
-40.9402,57.6576,1.0000,1.9282,0.0761
-40.8506,57.6133,1.0000,1.9253,0.0711
-40.7610,57.5690,1.0000,1.9204,0.0657
-40.6713,57.5246,1.0000,1.9135,0.0600
-40.5817,57.4803,1.0000,1.9048,0.0540
-40.4921,57.4360,1.0000,1.8943,0.0480
-40.4024,57.3916,1.0000,1.8820,0.0420
-40.3128,57.3473,1.0000,1.8679,0.0361
-40.2232,57.3030,1.0000,1.8522,0.0305
-40.1335,57.2586,1.0000,1.8347,0.0252
-40.0439,57.2143,1.0000,1.8157,0.0204
-39.9543,57.1700,1.0000,1.7949,0.0162
-39.8646,57.1256,1.0000,1.7729,0.0125
-39.7750,57.0813,1.0000,1.7500,0.0093
-39.6853,57.0370,1.0000,1.7264,0.0067
-39.5957,56.9926,1.0000,1.7021,0.0047
-39.5061,56.9483,1.0000,1.6790,0.0031
-39.4164,56.9039,1.0000,1.6571,0.0019
-39.3268,56.8596,1.0000,1.6365,0.0012
-39.2372,56.8153,1.0000,1.6170,0.0007
-39.1475,56.7709,1.0000,1.5988,0.0004
-39.0579,56.7266,1.0000,1.5818,0.0002
-38.9683,56.6823,1.0000,1.5659,0.0002
-38.8786,56.6379,1.0000,1.5513,0.0002
-38.7890,56.5936,1.0000,1.5379,0.0002
-38.6994,56.5493,1.0000,1.5257,0.0002
-38.6097,56.5049,1.0000,1.5147,0.0002
-38.5201,56.4606,1.0000,1.5051,0.0003
-38.4305,56.4162,1.0000,1.4964,0.0004
-38.3408,56.3719,1.0000,1.4882,0.0008
-38.2512,56.3276,1.0000,1.4806,0.0013
-38.1616,56.2832,1.0000,1.4734,0.0022
-38.0719,56.2389,1.0000,1.4668,0.0034
-37.9823,56.1946,1.0000,1.4606,0.0051
-37.8926,56.1502,1.0000,1.4550,0.0073
-37.8030,56.1059,1.0000,1.4497,0.0100
-37.7134,56.0616,1.0000,1.4449,0.0133
-37.6237,56.0173,1.0000,1.4405,0.0171
-37.5341,55.9729,1.0000,1.4365,0.0215
-37.4445,55.9286,1.0000,1.4328,0.0264
-37.3548,55.8842,1.0000,1.4294,0.0317
-37.2652,55.8399,1.0000,1.4263,0.0374
-37.1756,55.7956,1.0000,1.4234,0.0434
-37.0859,55.7512,1.0000,1.4208,0.0496
-36.9963,55.7069,1.0000,1.4184,0.0560
-36.9067,55.6626,1.0000,1.4161,0.0625
-36.8170,55.6182,1.0000,1.4140,0.0690
-36.7274,55.5739,1.0000,1.4121,0.0756
-36.6378,55.5295,1.0000,1.4103,0.0821
-36.5481,55.4852,1.0000,1.4087,0.0887
-36.4585,55.4409,1.0000,1.4072,0.0953
-36.3689,55.3965,1.0000,1.4059,0.1018
-36.2792,55.3522,1.0000,1.4046,0.1083
-36.1896,55.3079,1.0000,1.4034,0.1149
-36.0999,55.2636,1.0000,1.4024,0.1215
-36.0102,55.2194,1.0000,1.4014,0.1281
-35.9204,55.1754,1.0000,1.4005,0.1347
-35.8305,55.1316,1.0000,1.3997,0.1413
-35.7407,55.0877,1.0000,1.3989,0.1479
-35.6509,55.0436,1.0000,1.3982,0.1544
-35.5615,54.9988,1.0000,1.3975,0.1608
-35.4727,54.9529,1.0000,1.3969,0.1670
-35.3845,54.9058,1.0000,1.3964,0.1730
-35.2974,54.8566,1.0000,1.3959,0.1787
-35.2117,54.8051,1.0000,1.3958,0.1839
-35.1276,54.7511,1.0000,1.3967,0.1887
-35.0453,54.6942,1.0000,1.3987,0.1929
-34.9651,54.6345,1.0000,1.4019,0.1966
-34.8871,54.5720,1.0000,1.4063,0.1997
-34.8112,54.5067,1.0000,1.4122,0.2021
-34.7377,54.4390,1.0000,1.4195,0.2041
-34.6664,54.3689,1.0000,1.4285,0.2055
-34.5974,54.2965,1.0000,1.4393,0.2065
-34.5310,54.2218,1.0000,1.4521,0.2071
-34.4670,54.1449,1.0000,1.4670,0.2075
-34.4057,54.0659,1.0000,1.4842,0.2076
-34.3470,53.9849,1.0000,1.5036,0.2077
-34.2911,53.9020,1.0000,1.5250,0.2077
-34.2379,53.8173,1.0000,1.5470,0.2076
-34.1876,53.7309,1.0000,1.5698,0.2075
-34.1403,53.6428,1.0000,1.5929,0.2072
-34.0958,53.5532,1.0000,1.6157,0.2067
-34.0544,53.4622,1.0000,1.6383,0.2059
-34.0160,53.3699,1.0000,1.6604,0.2049
-33.9808,53.2763,1.0000,1.6819,0.2034
-33.9484,53.1817,1.0000,1.7028,0.2014
-33.9194,53.0860,1.0000,1.7228,0.1990
-33.8940,52.9893,1.0000,1.7418,0.1960
-33.8722,52.8917,1.0000,1.7595,0.1925
-33.8541,52.7933,1.0000,1.7758,0.1884
-33.8392,52.6945,1.0000,1.7905,0.1838
-33.8273,52.5952,1.0000,1.8033,0.1787
-33.8179,52.4956,1.0000,1.8141,0.1733
-33.8105,52.3959,1.0000,1.8235,0.1675
-33.8045,52.2961,1.0000,1.8324,0.1614
-33.7995,52.1962,1.0000,1.8409,0.1552
-33.7949,52.0963,1.0000,1.8489,0.1488
-33.7903,51.9964,1.0000,1.8564,0.1423
-33.7855,51.8965,1.0000,1.8634,0.1358
-33.7802,51.7967,1.0000,1.8700,0.1292
-33.7748,51.6968,1.0000,1.8760,0.1226
-33.7694,51.5969,1.0000,1.8816,0.1161
-33.7641,51.4971,1.0000,1.8867,0.1095
-33.7587,51.3972,1.0000,1.8914,0.1030
-33.7534,51.2974,1.0000,1.8957,0.0965
-33.7480,51.1975,1.0000,1.8995,0.0899
-33.7426,51.0977,1.0000,1.9031,0.0833
-33.7372,50.9978,1.0000,1.9063,0.0767
-33.7317,50.8980,1.0000,1.9093,0.0701
-33.7262,50.7981,1.0000,1.9120,0.0635
-33.7209,50.6983,1.0000,1.9146,0.0570
-33.7157,50.5984,1.0000,1.9170,0.0506
-33.7108,50.4985,1.0000,1.9192,0.0443
-33.7061,50.3986,1.0000,1.9212,0.0383
-33.7017,50.2987,1.0000,1.9231,0.0327
-33.6976,50.1988,1.0000,1.9248,0.0274
-33.6937,50.0989,1.0000,1.9263,0.0226
-33.6900,49.9990,1.0000,1.9278,0.0184
-33.6865,49.8990,1.0000,1.9291,0.0148
-33.6831,49.7991,1.0000,1.9303,0.0117
-33.6797,49.6991,1.0000,1.9314,0.0092
-33.6761,49.5992,1.0000,1.9325,0.0073
-33.6726,49.4993,1.0000,1.9334,0.0058
-33.6690,49.3993,1.0000,1.9343,0.0048
-33.6655,49.2994,1.0000,1.9351,0.0042
-33.6619,49.1994,1.0000,1.9358,0.0038
-33.6584,49.0995,1.0000,1.9365,0.0036
-33.6548,48.9996,1.0000,1.9372,0.0035
-33.6513,48.8996,1.0000,1.9377,0.0035
-33.6477,48.7997,1.0000,1.9383,0.0035
-33.6442,48.6998,1.0000,1.9388,0.0035
-33.6406,48.5998,1.0000,1.9392,0.0035
-33.6371,48.4999,1.0000,1.9396,0.0034
-33.6335,48.3999,1.0000,1.9400,0.0033
-33.6300,48.3000,1.0000,1.9404,0.0031
-33.6264,48.2001,1.0000,1.9407,0.0029
-33.6229,48.1001,1.0000,1.9410,0.0026
-33.6193,48.0002,1.0000,1.9413,0.0024
-33.6158,47.9003,1.0000,1.9415,0.0021
-33.6122,47.8003,1.0000,1.9417,0.0018
-33.6087,47.7004,1.0000,1.9420,0.0015
-33.6051,47.6005,1.0000,1.9422,0.0012
-33.6016,47.5005,1.0000,1.9423,0.0009
-33.5980,47.4006,1.0000,1.9425,0.0007
-33.5945,47.3006,1.0000,1.9427,0.0005
-33.5909,47.2007,1.0000,1.9428,0.0003
-33.5874,47.1008,1.0000,1.9429,0.0002
-33.5838,47.0008,1.0000,1.9431,0.0001
-33.5803,46.9009,1.0000,1.9432,0.0001
-33.5767,46.8010,1.0000,1.9433,0.0000
-33.5732,46.7010,1.0000,1.9434,0.0000
-33.5696,46.6011,1.0000,1.9434,0.0000
-33.5661,46.5011,1.0000,1.9435,0.0000
-33.5625,46.4012,1.0000,1.9436,0.0000
-33.5590,46.3013,1.0000,1.9437,0.0000
-33.5554,46.2013,1.0000,1.9437,0.0000
-33.5519,46.1014,1.0000,1.9438,0.0000
-33.5483,46.0015,1.0000,1.9438,0.0000
-33.5448,45.9015,1.0000,1.9439,0.0000
-33.5412,45.8016,1.0000,1.9439,0.0000
-33.5377,45.7016,1.0000,1.9440,0.0000
-33.5341,45.6017,1.0000,1.9440,0.0000
-33.5306,45.5018,1.0000,1.9440,0.0000
-33.5270,45.4018,1.0000,1.9441,0.0000
-33.5235,45.3019,1.0000,1.9441,0.0000
-33.5199,45.2020,1.0000,1.9441,0.0000
-33.5164,45.1020,1.0000,1.9442,0.0000
-33.5128,45.0021,1.0000,1.9442,0.0000
-33.5093,44.9022,1.0000,1.9442,0.0000
-33.5057,44.8022,1.0000,1.9442,0.0000
-33.5022,44.7023,1.0000,1.9442,0.0000
-33.4986,44.6023,1.0000,1.9443,0.0000
-33.4951,44.5024,1.0000,1.9443,0.0000
-33.4915,44.4025,1.0000,1.9443,0.0000
-33.4880,44.3025,1.0000,1.9443,0.0000
-33.4844,44.2026,1.0000,1.9443,0.0000
-33.4809,44.1027,1.0000,1.9443,0.0000
-33.4773,44.0027,1.0000,1.9443,0.0000
-33.4738,43.9028,1.0000,1.9443,0.0000
-33.4702,43.8028,1.0000,1.9443,0.0000
-33.4667,43.7029,1.0000,1.9444,0.0000
-33.4631,43.6030,1.0000,1.9444,0.0000
-33.4596,43.5030,1.0000,1.9444,0.0000
-33.4560,43.4031,1.0000,1.9444,0.0000
-33.4525,43.3032,1.0000,1.9444,0.0000
-33.4489,43.2032,1.0000,1.9444,0.0000
-33.4454,43.1033,1.0000,1.9444,0.0000
-33.4418,43.0034,1.0000,1.9444,0.0000
-33.4383,42.9034,1.0000,1.9444,0.0000
-33.4347,42.8035,1.0000,1.9444,0.0000
-33.4312,42.7035,1.0000,1.9444,0.0000
-33.4276,42.6036,1.0000,1.9444,0.0000
-33.4241,42.5037,1.0000,1.9444,0.0000
-33.4205,42.4037,1.0000,1.9444,0.0000
-33.4170,42.3038,1.0000,1.9444,0.0000
-33.4134,42.2039,1.0000,1.9444,0.0000
-33.4099,42.1039,1.0000,1.9444,0.0000
-33.4063,42.0040,1.0000,1.9444,0.0000
-33.4028,41.9040,1.0000,1.9444,0.0000
-33.3992,41.8041,1.0000,1.9444,0.0000
-33.3957,41.7042,1.0000,1.9444,0.0000
-33.3921,41.6042,1.0000,1.9444,0.0000
-33.3886,41.5043,1.0000,1.9444,0.0000
-33.3850,41.4044,1.0000,1.9444,0.0000
-33.3815,41.3044,1.0000,1.9444,0.0000
-33.3779,41.2045,1.0000,1.9444,0.0000
-33.3744,41.1045,1.0000,1.9444,0.0000
-33.3708,41.0046,1.0000,1.9444,0.0000
-33.3673,40.9047,1.0000,1.9444,0.0000
-33.3637,40.8047,1.0000,1.9444,0.0000
-33.3602,40.7048,1.0000,1.9444,0.0000
-33.3566,40.6049,1.0000,1.9444,0.0000
-33.3531,40.5049,1.0000,1.9444,0.0000
-33.3495,40.4050,1.0000,1.9444,0.0000
-33.3460,40.3051,1.0000,1.9444,0.0000
-33.3424,40.2051,1.0000,1.9444,0.0000
-33.3388,40.1052,1.0000,1.9444,0.0000
-33.3353,40.0052,1.0000,1.9444,0.0000
-33.3317,39.9053,1.0000,1.9444,0.0000
-33.3282,39.8054,1.0000,1.9444,0.0000
-33.3246,39.7054,1.0000,1.9444,0.0000
-33.3211,39.6055,1.0000,1.9444,0.0000
-33.3175,39.5056,1.0000,1.9444,0.0000
-33.3140,39.4056,1.0000,1.9444,0.0000
-33.3104,39.3057,1.0000,1.9444,0.0000
-33.3069,39.2057,1.0000,1.9444,0.0000
-33.3033,39.1058,1.0000,1.9444,0.0000
-33.2998,39.0059,1.0000,1.9444,0.0000
-33.2962,38.9059,1.0000,1.9444,0.0000
-33.2927,38.8060,1.0000,1.9444,0.0000
-33.2891,38.7061,1.0000,1.9444,0.0000
-33.2856,38.6061,1.0000,1.9444,0.0000
-33.2820,38.5062,1.0000,1.9444,0.0000
-33.2785,38.4063,1.0000,1.9444,0.0000
-33.2749,38.3063,1.0000,1.9444,0.0000
-33.2714,38.2064,1.0000,1.9444,0.0000
-33.2678,38.1064,1.0000,1.9444,0.0000
-33.2643,38.0065,1.0000,1.9444,0.0000
-33.2607,37.9066,1.0000,1.9444,0.0000
-33.2572,37.8066,1.0000,1.9444,0.0000
-33.2536,37.7067,1.0000,1.9444,0.0000
-33.2501,37.6068,1.0000,1.9444,0.0000
-33.2465,37.5068,1.0000,1.9444,0.0000
-33.2430,37.4069,1.0000,1.9444,0.0000
-33.2394,37.3069,1.0000,1.9444,0.0000
-33.2359,37.2070,1.0000,1.9444,0.0000
-33.2323,37.1071,1.0000,1.9444,0.0000
-33.2288,37.0071,1.0000,1.9444,0.0000
-33.2252,36.9072,1.0000,1.9444,0.0000
-33.2217,36.8073,1.0000,1.9444,0.0000
-33.2181,36.7073,1.0000,1.9444,0.0000
-33.2146,36.6074,1.0000,1.9444,0.0000
-33.2110,36.5075,1.0000,1.9444,0.0000
-33.2075,36.4075,1.0000,1.9444,0.0000
-33.2039,36.3076,1.0000,1.9444,0.0000
-33.2004,36.2076,1.0000,1.9444,0.0000
-33.1968,36.1077,1.0000,1.9444,0.0000
-33.1933,36.0078,1.0000,1.9444,0.0000
-33.1897,35.9078,1.0000,1.9444,0.0000
-33.1862,35.8079,1.0000,1.9444,0.0000
-33.1826,35.7080,1.0000,1.9444,0.0000
-33.1791,35.6080,1.0000,1.9444,0.0000
-33.1755,35.5081,1.0000,1.9444,0.0000
-33.1720,35.4081,1.0000,1.9444,0.0000
-33.1684,35.3082,1.0000,1.9444,0.0000
-33.1649,35.2083,1.0000,1.9444,0.0000
-33.1613,35.1083,1.0000,1.9444,0.0000
-33.1578,35.0084,1.0000,1.9444,0.0000
-33.1542,34.9085,1.0000,1.9444,0.0000
-33.1507,34.8085,1.0000,1.9444,0.0000
-33.1471,34.7086,1.0000,1.9444,0.0000
-33.1436,34.6086,1.0000,1.9444,0.0000
-33.1400,34.5087,1.0000,1.9444,0.0000
-33.1365,34.4088,1.0000,1.9444,0.0000
-33.1329,34.3088,1.0000,1.9444,0.0000
-33.1294,34.2089,1.0000,1.9444,0.0000
-33.1258,34.1090,1.0000,1.9444,0.0000
-33.1223,34.0090,1.0000,1.9444,0.0000
-33.1187,33.9091,1.0000,1.9444,0.0000
-33.1152,33.8092,1.0000,1.9444,0.0000
-33.1116,33.7092,1.0000,1.9444,0.0000
-33.1081,33.6093,1.0000,1.9444,0.0000
-33.1045,33.5093,1.0000,1.9444,0.0000
-33.1010,33.4094,1.0000,1.9444,0.0000
-33.0974,33.3095,1.0000,1.9444,0.0000
-33.0939,33.2095,1.0000,1.9444,0.0000
-33.0903,33.1096,1.0000,1.9444,0.0000
-33.0868,33.0097,1.0000,1.9444,0.0000
-33.0832,32.9097,1.0000,1.9444,0.0000
-33.0797,32.8098,1.0000,1.9444,0.0000
-33.0761,32.7098,1.0000,1.9444,0.0000
-33.0726,32.6099,1.0000,1.9444,0.0000
-33.0690,32.5100,1.0000,1.9444,0.0000
-33.0655,32.4100,1.0000,1.9444,0.0000
-33.0619,32.3101,1.0000,1.9444,0.0000
-33.0584,32.2102,1.0000,1.9444,0.0000
-33.0548,32.1102,1.0000,1.9444,0.0000
-33.0513,32.0103,1.0000,1.9444,0.0000
-33.0477,31.9104,1.0000,1.9444,0.0000
-33.0442,31.8104,1.0000,1.9444,0.0000
-33.0406,31.7105,1.0000,1.9444,0.0000
-33.0371,31.6105,1.0000,1.9444,0.0000
-33.0335,31.5106,1.0000,1.9444,0.0000
-33.0300,31.4107,1.0000,1.9444,0.0000
-33.0264,31.3107,1.0000,1.9444,0.0000
-33.0229,31.2108,1.0000,1.9444,0.0000
-33.0193,31.1109,1.0000,1.9444,0.0000
-33.0158,31.0109,1.0000,1.9444,0.0000
-33.0122,30.9110,1.0000,1.9444,0.0000
-33.0087,30.8110,1.0000,1.9444,0.0000
-33.0051,30.7111,1.0000,1.9444,0.0000
-33.0016,30.6112,1.0000,1.9444,0.0000
-32.9980,30.5112,1.0000,1.9444,0.0000
-32.9945,30.4113,1.0000,1.9444,0.0000
-32.9909,30.3114,1.0000,1.9444,0.0000
-32.9874,30.2114,1.0000,1.9444,0.0000
-32.9838,30.1115,1.0000,1.9444,0.0000
-32.9803,30.0115,1.0000,1.9444,0.0000
-32.9767,29.9116,1.0000,1.9444,0.0000
-32.9732,29.8117,1.0000,1.9444,0.0000
-32.9696,29.7117,1.0000,1.9444,0.0000
-32.9661,29.6118,1.0000,1.9444,0.0000
-32.9625,29.5119,1.0000,1.9444,0.0000
-32.9590,29.4119,1.0000,1.9444,0.0000
-32.9554,29.3120,1.0000,1.9444,0.0000
-32.9519,29.2121,1.0000,1.9444,0.0000
-32.9483,29.1121,1.0000,1.9444,0.0000
-32.9448,29.0122,1.0000,1.9444,0.0000
-32.9412,28.9122,1.0000,1.9444,0.0000
-32.9377,28.8123,1.0000,1.9444,0.0000
-32.9341,28.7124,1.0000,1.9444,0.0000
-32.9305,28.6124,1.0000,1.9444,0.0000
-32.9270,28.5125,1.0000,1.9444,0.0000
-32.9235,28.4126,1.0000,1.9444,0.0000
-32.9199,28.3126,1.0000,1.9444,0.0000
-32.9163,28.2127,1.0000,1.9444,0.0000
-32.9128,28.1127,1.0000,1.9444,0.0000
-32.9092,28.0128,1.0000,1.9444,0.0000
-32.9057,27.9129,1.0000,1.9444,0.0000
-32.9021,27.8129,1.0000,1.9444,0.0000
-32.8986,27.7130,1.0000,1.9444,0.0000
-32.8950,27.6131,1.0000,1.9444,0.0000
-32.8915,27.5131,1.0000,1.9444,0.0000
-32.8879,27.4132,1.0000,1.9444,0.0000
-32.8844,27.3133,1.0000,1.9444,0.0000
-32.8808,27.2133,1.0000,1.9444,0.0000
-32.8773,27.1134,1.0000,1.9444,0.0000
-32.8737,27.0134,1.0000,1.9444,0.0000
-32.8702,26.9135,1.0000,1.9444,0.0000
-32.8666,26.8136,1.0000,1.9444,0.0000
-32.8631,26.7136,1.0000,1.9444,0.0000
-32.8595,26.6137,1.0000,1.9444,0.0000
-32.8560,26.5138,1.0000,1.9444,0.0000
-32.8524,26.4138,1.0000,1.9444,0.0000
-32.8489,26.3139,1.0000,1.9444,0.0000
-32.8453,26.2139,1.0000,1.9444,0.0000
-32.8418,26.1140,1.0000,1.9444,0.0000
-32.8382,26.0141,1.0000,1.9444,0.0000
-32.8347,25.9141,1.0000,1.9444,0.0000
-32.8311,25.8142,1.0000,1.9444,0.0000
-32.8276,25.7143,1.0000,1.9444,0.0000
-32.8240,25.6143,1.0000,1.9444,0.0000
-32.8205,25.5144,1.0000,1.9444,0.0000
-32.8169,25.4144,1.0000,1.9444,0.0000
-32.8134,25.3145,1.0000,1.9444,0.0000
-32.8098,25.2146,1.0000,1.9444,0.0000
-32.8063,25.1146,1.0000,1.9444,0.0000
-32.8027,25.0147,1.0000,1.9444,0.0000
-32.7992,24.9148,1.0000,1.9444,0.0000
-32.7956,24.8148,1.0000,1.9444,0.0000
-32.7921,24.7149,1.0000,1.9444,0.0000
-32.7885,24.6150,1.0000,1.9444,0.0000
-32.7850,24.5150,1.0000,1.9444,0.0000
-32.7814,24.4151,1.0000,1.9444,0.0000
-32.7779,24.3151,1.0000,1.9444,0.0000
-32.7743,24.2152,1.0000,1.9444,0.0000
-32.7708,24.1153,1.0000,1.9444,0.0000
-32.7672,24.0153,1.0000,1.9444,0.0000
-32.7637,23.9154,1.0000,1.9444,0.0000
-32.7601,23.8155,1.0000,1.9444,0.0000
-32.7566,23.7155,1.0000,1.9444,0.0000
-32.7530,23.6156,1.0000,1.9444,0.0000
-32.7495,23.5156,1.0000,1.9444,0.0000
-32.7459,23.4157,1.0000,1.9444,0.0000
-32.7424,23.3158,1.0000,1.9444,0.0000
-32.7388,23.2158,1.0000,1.9444,0.0000
-32.7353,23.1159,1.0000,1.9444,0.0000
-32.7317,23.0160,1.0000,1.9444,0.0000
-32.7282,22.9160,1.0000,1.9444,0.0000
-32.7246,22.8161,1.0000,1.9444,0.0000
-32.7211,22.7162,1.0000,1.9444,0.0000
-32.7175,22.6162,1.0000,1.9444,0.0000
-32.7140,22.5163,1.0000,1.9444,0.0000
-32.7104,22.4163,1.0000,1.9444,0.0000
-32.7069,22.3164,1.0000,1.9444,0.0000
-32.7033,22.2165,1.0000,1.9444,0.0000
-32.6998,22.1165,1.0000,1.9444,0.0000
-32.6962,22.0166,1.0000,1.9444,0.0000
-32.6927,21.9167,1.0000,1.9444,0.0000
-32.6891,21.8167,1.0000,1.9444,0.0000
-32.6856,21.7168,1.0000,1.9444,0.0000
-32.6820,21.6168,1.0000,1.9444,0.0000
-32.6785,21.5169,1.0000,1.9444,0.0000
-32.6749,21.4170,1.0000,1.9444,0.0000
-32.6714,21.3170,1.0000,1.9444,0.0000
-32.6678,21.2171,1.0000,1.9444,0.0000
-32.6643,21.1172,1.0000,1.9444,0.0000
-32.6607,21.0172,1.0000,1.9444,0.0000
-32.6572,20.9173,1.0000,1.9444,0.0000
-32.6536,20.8173,1.0000,1.9444,0.0000
-32.6501,20.7174,1.0000,1.9444,0.0000
-32.6465,20.6175,1.0000,1.9444,0.0000
-32.6430,20.5175,1.0000,1.9444,0.0000
-32.6394,20.4176,1.0000,1.9444,0.0000
-32.6359,20.3177,1.0000,1.9444,0.0000
-32.6323,20.2177,1.0000,1.9444,0.0000
-32.6288,20.1178,1.0000,1.9444,0.0001
-32.6252,20.0179,1.0000,1.9444,0.0001
-32.6217,19.9179,1.0000,1.9444,0.0001
-32.6181,19.8180,1.0000,1.9444,0.0002
-32.6146,19.7180,1.0000,1.9444,0.0003
-32.6110,19.6181,1.0000,1.9444,0.0003
-32.6075,19.5182,1.0000,1.9444,0.0004
-32.6039,19.4182,1.0000,1.9444,0.0005
-32.6004,19.3183,1.0000,1.9444,0.0006
-32.5968,19.2184,1.0000,1.9444,0.0006
-32.5933,19.1184,1.0000,1.9444,0.0007
-32.5897,19.0185,1.0000,1.9444,0.0008
-32.5862,18.9185,1.0000,1.9444,0.0008
-32.5826,18.8186,1.0000,1.9444,0.0008
-32.5791,18.7187,1.0000,1.9444,0.0009
-32.5755,18.6187,1.0000,1.9444,0.0009
-32.5720,18.5188,1.0000,1.9444,0.0009
-32.5684,18.4189,1.0000,1.9444,0.0009
-32.5649,18.3189,1.0000,1.9444,0.0009
-32.5613,18.2190,1.0000,1.9444,0.0009
-32.5578,18.1191,1.0000,1.9444,0.0009
-32.5542,18.0191,1.0000,1.9444,0.0009
-32.5507,17.9192,1.0000,1.9444,0.0009
-32.5471,17.8192,1.0000,1.9444,0.0009
-32.5436,17.7193,1.0000,1.9444,0.0009
-32.5400,17.6194,1.0000,1.9444,0.0009
-32.5364,17.5194,1.0000,1.9444,0.0009
-32.5328,17.4195,1.0000,1.9444,0.0009
-32.5293,17.3196,1.0000,1.9444,0.0009
-32.5257,17.2196,1.0000,1.9444,0.0009
-32.5222,17.1197,1.0000,1.9444,0.0009
-32.5188,17.0197,1.0000,1.9444,0.0009
-32.5154,16.9198,1.0000,1.9444,0.0009
-32.5121,16.8199,1.0000,1.9444,0.0009
-32.5089,16.7199,1.0000,1.9444,0.0010
-32.5057,16.6200,1.0000,1.9444,0.0010
-32.5026,16.5200,1.0000,1.9444,0.0011
-32.4995,16.4201,1.0000,1.9444,0.0012
-32.4964,16.3201,1.0000,1.9444,0.0014
-32.4934,16.2201,1.0000,1.9439,0.0016
-32.4903,16.1202,1.0000,1.9418,0.0018
-32.4872,16.0202,1.0000,1.9383,0.0021
-32.4841,15.9203,1.0000,1.9332,0.0024
-32.4810,15.8203,1.0000,1.9266,0.0027
-32.4779,15.7204,1.0000,1.9185,0.0030
-32.4748,15.6204,1.0000,1.9088,0.0033
-32.4717,15.5205,1.0000,1.8976,0.0036
-32.4686,15.4205,1.0000,1.8849,0.0039
-32.4655,15.3206,1.0000,1.8706,0.0042
-32.4624,15.2206,1.0000,1.8548,0.0043
-32.4594,15.1207,1.0000,1.8375,0.0045
-32.4563,15.0207,1.0000,1.8186,0.0045
-32.4532,14.9208,1.0000,1.7981,0.0045
-32.4501,14.8208,1.0000,1.7761,0.0045
-32.4470,14.7209,1.0000,1.7528,0.0045
-32.4439,14.6209,1.0000,1.7293,0.0044
-32.4408,14.5210,1.0000,1.7066,0.0045
-32.4377,14.4210,1.0000,1.6847,0.0047
-32.4346,14.3211,1.0000,1.6637,0.0050
-32.4315,14.2211,1.0000,1.6436,0.0055
-32.4284,14.1212,1.0000,1.6244,0.0062
-32.4253,14.0212,1.0000,1.6061,0.0071
-32.4222,13.9212,1.0000,1.5889,0.0083
-32.4193,13.8213,1.0000,1.5727,0.0097
-32.4163,13.7213,1.0000,1.5575,0.0114
-32.4133,13.6214,1.0000,1.5435,0.0133
-32.4102,13.5214,1.0000,1.5306,0.0154
-32.4068,13.4215,1.0000,1.5189,0.0178
-32.4031,13.3216,1.0000,1.5083,0.0204
-32.3992,13.2216,1.0000,1.4991,0.0233
-32.3950,13.1217,1.0000,1.4909,0.0264
-32.3905,13.0218,1.0000,1.4832,0.0298
-32.3858,12.9219,1.0000,1.4760,0.0334
-32.3808,12.8221,1.0000,1.4693,0.0372
-32.3757,12.7222,1.0000,1.4630,0.0412
-32.3705,12.6223,1.0000,1.4572,0.0451
-32.3654,12.5225,1.0000,1.4518,0.0489
-32.3603,12.4226,1.0000,1.4468,0.0523
-32.3553,12.3227,1.0000,1.4422,0.0552
-32.3503,12.2228,1.0000,1.4380,0.0574
-32.3452,12.1230,1.0000,1.4342,0.0588
-32.3402,12.0231,1.0000,1.4306,0.0591
-32.3352,11.9232,1.0000,1.4274,0.0598
-32.3301,11.8233,1.0000,1.4244,0.0615
-32.3251,11.7235,1.0000,1.4217,0.0641
-32.3206,11.6236,1.0000,1.4192,0.0675
-32.3165,11.5237,1.0000,1.4169,0.0714
-32.3121,11.4237,1.0000,1.4148,0.0756
-32.3069,11.3239,1.0000,1.4128,0.0796
-32.3006,11.2241,1.0000,1.4110,0.0834
-32.2929,11.1244,1.0000,1.4093,0.0867
-32.2836,11.0248,1.0000,1.4078,0.0892
-32.2725,10.9254,1.0000,1.4064,0.0907
-32.2599,10.8262,1.0000,1.4051,0.0911
-32.2457,10.7272,1.0000,1.4039,0.0911
-32.2315,10.6283,1.0000,1.4028,0.0922
-32.2168,10.5293,1.0000,1.4017,0.0944
-32.2008,10.4306,1.0000,1.4008,0.0976
-32.1832,10.3322,1.0000,1.4000,0.1016
-32.1640,10.2341,1.0000,1.3992,0.1063
-32.1421,10.1365,1.0000,1.3984,0.1117
-32.1172,10.0396,1.0000,1.3978,0.1174
-32.0891,9.9437,1.0000,1.3972,0.1236
-32.0579,9.8487,1.0000,1.3966,0.1300
-32.0239,9.7546,1.0000,1.3961,0.1366
-31.9876,9.6614,1.0000,1.3956,0.1432
-31.9485,9.5694,1.0000,1.3951,0.1498
-31.9086,9.4777,1.0000,1.3947,0.1563
-31.8691,9.3858,1.0000,1.3943,0.1626
-31.8323,9.2929,1.0000,1.3940,0.1688
-31.7975,9.1991,1.0000,1.3937,0.1748
-31.7658,9.1043,1.0000,1.3934,0.1806
-31.7371,9.0085,1.0000,1.3931,0.1862
-31.7164,8.9106,1.0000,1.3929,0.1914
-31.6956,8.8128,1.0000,1.3926,0.1962
-31.6758,8.7148,1.0000,1.3924,0.2007
-31.6633,8.6156,1.0000,1.3922,0.2047
-31.6508,8.5164,1.0000,1.3921,0.2082
-31.6387,8.4171,1.0000,1.3919,0.2111
-31.6292,8.3176,1.0000,1.3917,0.2133
-31.6195,8.2181,1.0000,1.3916,0.2148
-31.6088,8.1186,1.0000,1.3915,0.2155
-31.5956,8.0195,1.0000,1.3914,0.2153
-31.5794,7.9208,1.0000,1.3913,0.2144
-31.5602,7.8227,1.0000,1.3912,0.2126
-31.5377,7.7253,1.0000,1.3911,0.2103
-31.5107,7.6290,1.0000,1.3910,0.2076
-31.4806,7.5337,1.0000,1.3909,0.2046
-31.4472,7.4394,1.0000,1.3908,0.2017
-31.4108,7.3463,1.0000,1.3908,0.1991
-31.3713,7.2544,1.0000,1.3907,0.1970
-31.3287,7.1639,1.0000,1.3906,0.1957
-31.2832,7.0749,1.0000,1.3906,0.1954
-31.2347,6.9875,1.0000,1.3905,0.1948
-31.1833,6.9017,1.0000,1.3905,0.1933
-31.1291,6.8177,1.0000,1.3905,0.1911
-31.0721,6.7355,1.0000,1.3904,0.1885
-31.0124,6.6553,1.0000,1.3904,0.1856
-30.9501,6.5771,1.0000,1.3904,0.1829
-30.8852,6.5010,1.0000,1.3903,0.1808
-30.8178,6.4272,1.0000,1.3903,0.1794
-30.7479,6.3557,1.0000,1.3903,0.1789
-30.6754,6.2868,1.0000,1.3903,0.1799
-30.6006,6.2204,1.0000,1.3902,0.1823
-30.5236,6.1566,1.0000,1.3902,0.1862
-30.4448,6.0951,1.0000,1.3902,0.1911
-30.3644,6.0357,1.0000,1.3902,0.1952
-30.2827,5.9780,1.0000,1.3902,0.1986
-30.2001,5.9216,1.0000,1.3902,0.2013
-30.1169,5.8662,1.0000,1.3901,0.2035
-30.0333,5.8113,1.0000,1.3901,0.2051
-29.9495,5.7567,1.0000,1.3901,0.2061
-29.8658,5.7020,1.0000,1.3901,0.2066
-29.7821,5.6472,1.0000,1.3904,0.2067
-29.6986,5.5922,1.0000,1.3912,0.2062
-29.6152,5.5371,1.0000,1.3925,0.2052
-29.5318,5.4819,1.0000,1.3945,0.2037
-29.4483,5.4268,1.0000,1.3971,0.2015
-29.3649,5.3717,1.0000,1.4004,0.1984
-29.2815,5.3166,1.0000,1.4044,0.1946
-29.1981,5.2613,1.0000,1.4091,0.1898
-29.1148,5.2059,1.0000,1.4145,0.1842
-29.0317,5.1504,1.0000,1.4208,0.1779
-28.9486,5.0948,1.0000,1.4280,0.1718
-28.8653,5.0393,1.0000,1.4361,0.1665
-28.7818,4.9844,1.0000,1.4454,0.1616
-28.6977,4.9303,1.0000,1.4557,0.1573
-28.6127,4.8776,1.0000,1.4674,0.1531
-28.5268,4.8264,1.0000,1.4804,0.1492
-28.4396,4.7774,1.0000,1.4947,0.1454
-28.3511,4.7310,1.0000,1.5101,0.1417
-28.2611,4.6874,1.0000,1.5267,0.1380
-28.1696,4.6470,1.0000,1.5446,0.1344
-28.0768,4.6099,1.0000,1.5640,0.1315
-27.9827,4.5760,1.0000,1.5841,0.1296
-27.8875,4.5454,1.0000,1.6042,0.1286
-27.7914,4.5179,1.0000,1.6241,0.1286
-27.6944,4.4937,1.0000,1.6439,0.1292
-27.5966,4.4727,1.0000,1.6635,0.1305
-27.4982,4.4550,1.0000,1.6828,0.1321
-27.3993,4.4406,1.0000,1.7017,0.1339
-27.2999,4.4299,1.0000,1.7201,0.1357
-27.2001,4.4237,1.0000,1.7379,0.1375
-27.1001,4.4209,1.0000,1.7550,0.1391
-27.0001,4.4209,1.0000,1.7712,0.1404
-26.9002,4.4228,1.0000,1.7864,0.1412
-26.8002,4.4257,1.0000,1.8003,0.1416
-26.7002,4.4286,1.0000,1.8129,0.1415
-26.6003,4.4306,1.0000,1.8238,0.1408
-26.5003,4.4315,1.0000,1.8330,0.1395
-26.4003,4.4301,1.0000,1.8410,0.1376
-26.3003,4.4268,1.0000,1.8487,0.1351
-26.2005,4.4210,1.0000,1.8559,0.1320
-26.1008,4.4132,1.0000,1.8628,0.1284
-26.0013,4.4038,1.0000,1.8692,0.1243
-25.9018,4.3935,1.0000,1.8752,0.1196
-25.8024,4.3828,1.0000,1.8808,0.1145
-25.7029,4.3727,1.0000,1.8860,0.1089
-25.6034,4.3626,1.0000,1.8908,0.1030
-25.5039,4.3522,1.0000,1.8951,0.0969
-25.4045,4.3420,1.0000,1.8991,0.0905
-25.3049,4.3325,1.0000,1.9028,0.0841
-25.2053,4.3241,1.0000,1.9061,0.0776
-25.1055,4.3171,1.0000,1.9091,0.0712
-25.0057,4.3119,1.0000,1.9118,0.0649
-24.9057,4.3085,1.0000,1.9144,0.0590
-24.8057,4.3070,1.0000,1.9167,0.0535
-24.7057,4.3071,1.0000,1.9189,0.0485
-24.6058,4.3088,1.0000,1.9210,0.0442
-24.5058,4.3115,1.0000,1.9228,0.0406
-24.4059,4.3150,1.0000,1.9246,0.0379
-24.3059,4.3186,1.0000,1.9262,0.0361
-24.2060,4.3218,1.0000,1.9276,0.0351
-24.1060,4.3245,1.0000,1.9290,0.0349
-24.0061,4.3273,1.0000,1.9302,0.0344
-23.9061,4.3300,1.0000,1.9313,0.0333
-23.8061,4.3327,1.0000,1.9324,0.0318
-23.7062,4.3355,1.0000,1.9333,0.0300
-23.6062,4.3382,1.0000,1.9342,0.0282
-23.5062,4.3409,1.0000,1.9350,0.0264
-23.4063,4.3437,1.0000,1.9358,0.0250
-23.3063,4.3464,1.0000,1.9365,0.0239
-23.2063,4.3491,1.0000,1.9371,0.0232
-23.1064,4.3519,1.0000,1.9377,0.0231
-23.0064,4.3547,1.0000,1.9382,0.0228
-22.9065,4.3574,1.0000,1.9387,0.0220
-22.8065,4.3601,1.0000,1.9392,0.0208
-22.7065,4.3628,1.0000,1.9396,0.0192
-22.6066,4.3654,1.0000,1.9400,0.0174
-22.5066,4.3680,1.0000,1.9403,0.0153
-22.4066,4.3705,1.0000,1.9407,0.0132
-22.3067,4.3729,1.0000,1.9410,0.0112
-22.2067,4.3753,1.0000,1.9412,0.0092
-22.1067,4.3776,1.0000,1.9415,0.0073
-22.0067,4.3799,1.0000,1.9417,0.0057
-21.9068,4.3821,1.0000,1.9419,0.0043
-21.8068,4.3844,1.0000,1.9421,0.0032
-21.7068,4.3866,1.0000,1.9423,0.0024
-21.6068,4.3889,1.0000,1.9425,0.0018
-21.5069,4.3912,1.0000,1.9426,0.0014
-21.4069,4.3935,1.0000,1.9428,0.0012
-21.3069,4.3958,1.0000,1.9429,0.0011
-21.2070,4.3980,1.0000,1.9430,0.0010
-21.1070,4.4003,1.0000,1.9432,0.0010
-21.0070,4.4026,1.0000,1.9433,0.0010
-20.9070,4.4049,1.0000,1.9434,0.0009
-20.8071,4.4072,1.0000,1.9434,0.0009
-20.7071,4.4095,1.0000,1.9435,0.0009
-20.6071,4.4118,1.0000,1.9436,0.0008
-20.5071,4.4140,1.0000,1.9437,0.0008
-20.4072,4.4163,1.0000,1.9437,0.0008
-20.3072,4.4186,1.0000,1.9438,0.0007
-20.2072,4.4209,1.0000,1.9438,0.0006
-20.1072,4.4232,1.0000,1.9439,0.0006
-20.0073,4.4255,1.0000,1.9439,0.0005
-19.9073,4.4277,1.0000,1.9440,0.0004
-19.8073,4.4300,1.0000,1.9440,0.0004
-19.7073,4.4323,1.0000,1.9440,0.0003
-19.6074,4.4346,1.0000,1.9441,0.0002
-19.5074,4.4369,1.0000,1.9441,0.0002
-19.4074,4.4392,1.0000,1.9441,0.0001
-19.3074,4.4414,1.0000,1.9442,0.0001
-19.2075,4.4437,1.0000,1.9442,0.0000
-19.1075,4.4460,1.0000,1.9442,0.0000
-19.0075,4.4483,1.0000,1.9442,0.0000
-18.9076,4.4506,1.0000,1.9442,0.0000
-18.8076,4.4529,1.0000,1.9443,0.0000
-18.7076,4.4551,1.0000,1.9443,0.0000
-18.6076,4.4574,1.0000,1.9443,0.0000
-18.5077,4.4597,1.0000,1.9443,0.0000
-18.4077,4.4620,1.0000,1.9443,0.0000
-18.3077,4.4643,1.0000,1.9443,0.0000
-18.2077,4.4666,1.0000,1.9443,0.0000
-18.1078,4.4688,1.0000,1.9443,0.0000
-18.0078,4.4711,1.0000,1.9443,0.0000
-17.9078,4.4734,1.0000,1.9444,0.0000
-17.8078,4.4757,1.0000,1.9444,0.0000
-17.7079,4.4780,1.0000,1.9444,0.0000
-17.6079,4.4803,1.0000,1.9444,0.0000
-17.5079,4.4825,1.0000,1.9444,0.0000
-17.4079,4.4848,1.0000,1.9444,0.0000
-17.3080,4.4871,1.0000,1.9444,0.0000
-17.2080,4.4894,1.0000,1.9444,0.0000
-17.1080,4.4917,1.0000,1.9444,0.0000
-17.0080,4.4940,1.0000,1.9444,0.0000
-16.9081,4.4962,1.0000,1.9444,0.0000
-16.8081,4.4985,1.0000,1.9444,0.0000
-16.7081,4.5008,1.0000,1.9444,0.0000
-16.6082,4.5031,1.0000,1.9444,0.0000
-16.5082,4.5054,1.0000,1.9444,0.0000
-16.4082,4.5077,1.0000,1.9444,0.0000
-16.3082,4.5099,1.0000,1.9444,0.0000
-16.2083,4.5122,1.0000,1.9444,0.0000
-16.1083,4.5145,1.0000,1.9444,0.0000
-16.0083,4.5168,1.0000,1.9444,0.0000
-15.9083,4.5191,1.0000,1.9444,0.0000
-15.8084,4.5214,1.0000,1.9444,0.0000
-15.7084,4.5236,1.0000,1.9444,0.0000
-15.6084,4.5259,1.0000,1.9444,0.0000
-15.5084,4.5282,1.0000,1.9444,0.0000
-15.4085,4.5305,1.0000,1.9444,0.0000
-15.3085,4.5328,1.0000,1.9444,0.0000
-15.2085,4.5351,1.0000,1.9444,0.0000
-15.1085,4.5374,1.0000,1.9444,0.0000
-15.0086,4.5396,1.0000,1.9444,0.0000
-14.9086,4.5419,1.0000,1.9444,0.0000
-14.8086,4.5442,1.0000,1.9444,0.0000
-14.7086,4.5465,1.0000,1.9444,0.0000
-14.6087,4.5488,1.0000,1.9444,0.0000
-14.5087,4.5511,1.0000,1.9444,0.0000
-14.4087,4.5533,1.0000,1.9444,0.0000
-14.3088,4.5556,1.0000,1.9444,0.0000
-14.2088,4.5579,1.0000,1.9444,0.0000
-14.1088,4.5602,1.0000,1.9444,0.0000
-14.0088,4.5625,1.0000,1.9444,0.0000
-13.9089,4.5648,1.0000,1.9444,0.0000
-13.8089,4.5670,1.0000,1.9444,0.0000
-13.7089,4.5693,1.0000,1.9444,0.0000
-13.6089,4.5716,1.0000,1.9444,0.0000
-13.5090,4.5739,1.0000,1.9444,0.0000
-13.4090,4.5762,1.0000,1.9444,0.0000
-13.3090,4.5785,1.0000,1.9444,0.0000
-13.2090,4.5807,1.0000,1.9444,0.0000
-13.1091,4.5830,1.0000,1.9444,0.0000
-13.0091,4.5853,1.0000,1.9444,0.0000
-12.9091,4.5876,1.0000,1.9444,0.0000
-12.8091,4.5899,1.0000,1.9444,0.0000
-12.7092,4.5922,1.0000,1.9444,0.0000
-12.6092,4.5944,1.0000,1.9444,0.0000
-12.5092,4.5967,1.0000,1.9444,0.0000
-12.4092,4.5990,1.0000,1.9444,0.0000
-12.3093,4.6013,1.0000,1.9444,0.0000
-12.2093,4.6036,1.0000,1.9444,0.0000
-12.1093,4.6059,1.0000,1.9444,0.0000
-12.0093,4.6081,1.0000,1.9444,0.0000
-11.9094,4.6104,1.0000,1.9444,0.0000
-11.8094,4.6127,1.0000,1.9444,0.0000
-11.7094,4.6150,1.0000,1.9444,0.0000
-11.6095,4.6173,1.0000,1.9444,0.0000
-11.5095,4.6196,1.0000,1.9440,0.0000
-11.4095,4.6218,1.0000,1.9420,0.0000
-11.3095,4.6241,1.0000,1.9384,0.0000
-11.2096,4.6264,1.0000,1.9333,0.0000
-11.1096,4.6287,1.0000,1.9268,0.0000
-11.0096,4.6310,1.0000,1.9189,0.0000
-10.9096,4.6333,1.0000,1.9096,0.0000
-10.8097,4.6355,1.0000,1.8989,0.0000
-10.7097,4.6378,1.0000,1.8869,0.0000
-10.6097,4.6401,1.0000,1.8736,0.0000
-10.5097,4.6424,1.0000,1.8590,0.0000
-10.4098,4.6447,1.0000,1.8431,0.0000
-10.3098,4.6470,1.0000,1.8258,0.0000
-10.2098,4.6492,1.0000,1.8073,0.0000
-10.1098,4.6515,1.0000,1.7874,0.0000
-10.0099,4.6538,1.0000,1.7663,0.0000
-9.9099,4.6561,1.0000,1.7442,0.0000
-9.8099,4.6584,1.0000,1.7226,0.0000
-9.7099,4.6607,1.0000,1.7012,0.0001
-9.6100,4.6630,1.0000,1.6807,0.0001
-9.5100,4.6652,1.0000,1.6610,0.0002
-9.4100,4.6675,1.0000,1.6422,0.0003
-9.3101,4.6698,1.0000,1.6241,0.0005
-9.2101,4.6721,1.0000,1.6069,0.0008
-9.1101,4.6744,1.0000,1.5905,0.0012
-9.0101,4.6767,1.0000,1.5750,0.0016
-8.9102,4.6789,1.0000,1.5603,0.0021
-8.8102,4.6812,1.0000,1.5464,0.0027
-8.7102,4.6835,1.0000,1.5335,0.0033
-8.6102,4.6858,1.0000,1.5215,0.0040
-8.5103,4.6881,1.0000,1.5105,0.0049
-8.4103,4.6904,1.0000,1.5004,0.0059
-8.3103,4.6926,1.0000,1.4914,0.0071
-8.2103,4.6949,1.0000,1.4834,0.0086
-8.1104,4.6972,1.0000,1.4764,0.0104
-8.0104,4.6995,1.0000,1.4698,0.0127
-7.9104,4.7018,1.0000,1.4636,0.0156
-7.8104,4.7041,1.0000,1.4579,0.0191
-7.7105,4.7063,1.0000,1.4525,0.0232
-7.6105,4.7086,1.0000,1.4475,0.0279
-7.5105,4.7109,1.0000,1.4429,0.0332
-7.4105,4.7132,1.0000,1.4386,0.0389
-7.3106,4.7155,1.0000,1.4347,0.0451
-7.2106,4.7178,1.0000,1.4311,0.0516
-7.1106,4.7200,1.0000,1.4278,0.0583
-7.0107,4.7223,1.0000,1.4248,0.0652
-6.9107,4.7246,1.0000,1.4222,0.0720
-6.8107,4.7269,1.0000,1.4205,0.0788
-6.7107,4.7294,1.0000,1.4196,0.0855
-6.6108,4.7319,1.0000,1.4197,0.0920
-6.5108,4.7345,1.0000,1.4207,0.0984
-6.4108,4.7368,1.0000,1.4226,0.1044
-6.3108,4.7387,1.0000,1.4256,0.1101
-6.2109,4.7400,1.0000,1.4296,0.1155
-6.1109,4.7408,1.0000,1.4348,0.1204
-6.0109,4.7409,1.0000,1.4410,0.1248
-5.9109,4.7404,1.0000,1.4484,0.1286
-5.8109,4.7393,1.0000,1.4571,0.1320
-5.7109,4.7377,1.0000,1.4669,0.1348
-5.6109,4.7360,1.0000,1.4780,0.1370
-5.5109,4.7352,1.0000,1.4904,0.1388
-5.4109,4.7346,1.0000,1.5041,0.1401
-5.3109,4.7332,1.0000,1.5188,0.1410
-5.2110,4.7303,1.0000,1.5342,0.1416
-5.1111,4.7252,1.0000,1.5502,0.1419
-5.0114,4.7170,1.0000,1.5666,0.1421
-4.9121,4.7057,1.0000,1.5835,0.1422
-4.8133,4.6902,1.0000,1.6006,0.1421
-4.7153,4.6705,1.0000,1.6178,0.1422
-4.6182,4.6465,1.0000,1.6351,0.1422
-4.5223,4.6183,1.0000,1.6523,0.1422
-4.4275,4.5864,1.0000,1.6692,0.1421
-4.3338,4.5515,1.0000,1.6858,0.1420
-4.2409,4.5145,1.0000,1.7018,0.1418
-4.1492,4.4747,1.0000,1.7171,0.1415
-4.0590,4.4315,1.0000,1.7315,0.1411
-3.9704,4.3852,1.0000,1.7449,0.1407
-3.8834,4.3358,1.0000,1.7571,0.1402
-3.7983,4.2833,1.0000,1.7679,0.1396
-3.7150,4.2281,1.0000,1.7774,0.1390
-3.6334,4.1703,1.0000,1.7852,0.1383
-3.5534,4.1103,1.0000,1.7915,0.1375
-3.4747,4.0485,1.0000,1.7961,0.1365
-3.3972,3.9854,1.0000,1.7989,0.1353
-3.3204,3.9214,1.0000,1.8000,0.1338
-3.2441,3.8567,1.0000,1.7994,0.1319
-3.1680,3.7918,1.0000,1.7969,0.1296
-3.0920,3.7268,1.0000,1.7928,0.1267
-3.0158,3.6620,1.0000,1.7870,0.1232
-2.9395,3.5974,1.0000,1.7796,0.1191
-2.8631,3.5328,1.0000,1.7706,0.1144
-2.7867,3.4683,1.0000,1.7602,0.1092
-2.7103,3.4038,1.0000,1.7485,0.1034
-2.6339,3.3393,1.0000,1.7355,0.0972
-2.5575,3.2748,1.0000,1.7213,0.0907
-2.4810,3.2103,1.0000,1.7062,0.0840
-2.4046,3.1458,1.0000,1.6901,0.0772
-2.3282,3.0813,1.0000,1.6732,0.0703
-2.2518,3.0168,1.0000,1.6565,0.0635
-2.1754,2.9523,1.0000,1.6399,0.0568
-2.0990,2.8878,1.0000,1.6236,0.0503
-2.0225,2.8233,1.0000,1.6076,0.0440
-1.9461,2.7588,1.0000,1.5920,0.0379
-1.8697,2.6943,1.0000,1.5770,0.0322
-1.7933,2.6298,1.0000,1.5626,0.0269
-1.7169,2.5653,1.0000,1.5488,0.0220
-1.6404,2.5008,1.0000,1.5358,0.0177
-1.5640,2.4363,1.0000,1.5236,0.0138
-1.4876,2.3718,1.0000,1.5122,0.0105
-1.4112,2.3073,1.0000,1.5018,0.0077
-1.3348,2.2428,1.0000,1.4923,0.0056
-1.2584,2.1783,1.0000,1.4838,0.0042
-1.1819,2.1138,1.0000,1.4765,0.0034
-1.1055,2.0493,1.0000,1.4701,0.0033
-1.0291,1.9848,1.0000,1.4641,0.0038
-0.9527,1.9203,1.0000,1.4584,0.0050
-0.8763,1.8558,1.0000,1.4531,0.0069
-0.7998,1.7913,1.0000,1.4481,0.0094
-0.7234,1.7268,1.0000,1.4435,0.0126
-0.6470,1.6623,1.0000,1.4392,0.0163
-0.5706,1.5978,1.0000,1.4352,0.0205
-0.4942,1.5333,1.0000,1.4315,0.0252
-0.4178,1.4688,1.0000,1.4282,0.0304
-0.3413,1.4043,1.0000,1.4251,0.0360
-0.2649,1.3398,1.0000,1.4223,0.0419
-0.1885,1.2753,1.0000,1.4197,0.0480
-0.1121,1.2108,1.0000,1.4174,0.0544
-0.0357,1.1463,1.0000,1.4152,0.0608
0.0408,1.0818,1.0000,1.4133,0.0674
0.1172,1.0173,1.0000,1.4114,0.0739
0.1936,0.9528,1.0000,1.4097,0.0806
0.2700,0.8883,1.0000,1.4082,0.0872
0.3464,0.8238,1.0000,1.4067,0.0938
0.4228,0.7593,1.0000,1.4054,0.1003
0.4993,0.6948,1.0000,1.4041,0.1068
0.5757,0.6303,1.0000,1.4030,0.1131
0.6521,0.5658,1.0000,1.4020,0.1193
0.7286,0.5014,1.0000,1.4010,0.1252
0.8052,0.4372,1.0000,1.4001,0.1309
0.8820,0.3731,1.0000,1.3993,0.1361
0.9588,0.3090,1.0000,1.3986,0.1409
1.0354,0.2448,1.0000,1.3979,0.1452
1.1117,0.1801,1.0000,1.3973,0.1489
1.1872,0.1146,1.0000,1.3967,0.1521
1.2617,0.0479,1.0000,1.3962,0.1547
1.3349,-0.0203,1.0000,1.3957,0.1567
1.4063,-0.0903,1.0000,1.3952,0.1582
1.4756,-0.1624,1.0000,1.3948,0.1593
1.5425,-0.2367,1.0000,1.3946,0.1601
1.6067,-0.3133,1.0000,1.3952,0.1607
1.6682,-0.3922,1.0000,1.3964,0.1613
1.7269,-0.4731,1.0000,1.3985,0.1620
1.7829,-0.5560,1.0000,1.4015,0.1628
1.8360,-0.6407,1.0000,1.4055,0.1639
1.8863,-0.7271,1.0000,1.4105,0.1654
1.9337,-0.8151,1.0000,1.4165,0.1673
1.9781,-0.9047,1.0000,1.4238,0.1696
2.0195,-0.9957,1.0000,1.4323,0.1723
2.0579,-1.0881,1.0000,1.4421,0.1753
2.0931,-1.1816,1.0000,1.4532,0.1785
2.1253,-1.2763,1.0000,1.4658,0.1817
2.1542,-1.3720,1.0000,1.4798,0.1847
2.1797,-1.4687,1.0000,1.4953,0.1875
2.2018,-1.5662,1.0000,1.5124,0.1898
2.2204,-1.6645,1.0000,1.5309,0.1914
2.2358,-1.7633,1.0000,1.5504,0.1922
2.2483,-1.8625,1.0000,1.5707,0.1921
2.2581,-1.9620,1.0000,1.5919,0.1912
2.2659,-2.0617,1.0000,1.6128,0.1893
2.2723,-2.1615,1.0000,1.6334,0.1867
2.2775,-2.2613,1.0000,1.6537,0.1833
2.2821,-2.3612,1.0000,1.6735,0.1791
2.2865,-2.4611,1.0000,1.6928,0.1744
2.2908,-2.5611,1.0000,1.7114,0.1692
2.2953,-2.6610,1.0000,1.7293,0.1637
2.3001,-2.7608,1.0000,1.7464,0.1578
2.3050,-2.8607,1.0000,1.7627,0.1517
2.3099,-2.9606,1.0000,1.7779,0.1454
2.3152,-3.0605,1.0000,1.7921,0.1389
2.3211,-3.1603,1.0000,1.8052,0.1324
2.3274,-3.2601,1.0000,1.8170,0.1258
2.3330,-3.3599,1.0000,1.8275,0.1192
2.3371,-3.4598,1.0000,1.8367,0.1126
2.3391,-3.5598,1.0000,1.8446,0.1060
2.3386,-3.6598,1.0000,1.8521,0.0994
2.3353,-3.7597,1.0000,1.8592,0.0930
2.3290,-3.8595,1.0000,1.8658,0.0866
2.3200,-3.9591,1.0000,1.8720,0.0805
2.3084,-4.0584,1.0000,1.8778,0.0746
2.2947,-4.1575,1.0000,1.8831,0.0690
2.2796,-4.2563,1.0000,1.8881,0.0638
2.2638,-4.3551,1.0000,1.8927,0.0591
2.2482,-4.4539,1.0000,1.8969,0.0549
2.2334,-4.5528,1.0000,1.9007,0.0515
2.2189,-4.6517,1.0000,1.9042,0.0489
2.2045,-4.7506,1.0000,1.9074,0.0471
2.1900,-4.8496,1.0000,1.9103,0.0461
2.1755,-4.9485,1.0000,1.9130,0.0461
2.1611,-5.0475,1.0000,1.9155,0.0469
2.1466,-5.1464,1.0000,1.9177,0.0483
2.1321,-5.2454,1.0000,1.9199,0.0502
2.1176,-5.3443,1.0000,1.9218,0.0524
2.1032,-5.4433,1.0000,1.9236,0.0546
2.0887,-5.5422,1.0000,1.9253,0.0566
2.0742,-5.6412,1.0000,1.9268,0.0583
2.0598,-5.7401,1.0000,1.9282,0.0594
2.0453,-5.8391,1.0000,1.9295,0.0598
2.0308,-5.9380,1.0000,1.9307,0.0594
2.0163,-6.0370,1.0000,1.9318,0.0582
2.0019,-6.1359,1.0000,1.9328,0.0563
1.9874,-6.2349,1.0000,1.9337,0.0539
1.9729,-6.3338,1.0000,1.9346,0.0512
1.9585,-6.4328,1.0000,1.9354,0.0484
1.9440,-6.5317,1.0000,1.9361,0.0455
1.9295,-6.6306,1.0000,1.9367,0.0428
1.9150,-6.7296,1.0000,1.9374,0.0404
1.9006,-6.8285,1.0000,1.9379,0.0385
1.8861,-6.9275,1.0000,1.9384,0.0371
1.8716,-7.0264,1.0000,1.9389,0.0360
1.8572,-7.1254,1.0000,1.9394,0.0352
1.8427,-7.2243,1.0000,1.9398,0.0347
1.8277,-7.3232,1.0000,1.9401,0.0345
1.8120,-7.4220,1.0000,1.9405,0.0344
1.7964,-7.5207,1.0000,1.9408,0.0344
1.7818,-7.6197,1.0000,1.9411,0.0343
1.7686,-7.7188,1.0000,1.9413,0.0342
1.7575,-7.8182,1.0000,1.9416,0.0342
1.7488,-7.9178,1.0000,1.9418,0.0342
1.7426,-8.0176,1.0000,1.9420,0.0341
1.7389,-8.1175,1.0000,1.9422,0.0341
1.7376,-8.2175,1.0000,1.9424,0.0341
1.7385,-8.3175,1.0000,1.9426,0.0341
1.7409,-8.4174,1.0000,1.9427,0.0341
1.7444,-8.5174,1.0000,1.9428,0.0341
1.7482,-8.6173,1.0000,1.9430,0.0341
1.7514,-8.7173,1.0000,1.9431,0.0341
1.7539,-8.8172,1.0000,1.9432,0.0341
1.7564,-8.9172,1.0000,1.9433,0.0341
1.7589,-9.0172,1.0000,1.9434,0.0341
1.7614,-9.1171,1.0000,1.9435,0.0340
1.7639,-9.2171,1.0000,1.9436,0.0340
1.7664,-9.3171,1.0000,1.9436,0.0340
1.7689,-9.4170,1.0000,1.9437,0.0339
1.7713,-9.5170,1.0000,1.9437,0.0338
1.7738,-9.6170,1.0000,1.9438,0.0335
1.7763,-9.7169,1.0000,1.9439,0.0329
1.7788,-9.8169,1.0000,1.9439,0.0322
1.7813,-9.9169,1.0000,1.9439,0.0311
1.7838,-10.0169,1.0000,1.9440,0.0296
1.7863,-10.1168,1.0000,1.9440,0.0277
1.7888,-10.2168,1.0000,1.9441,0.0254
1.7913,-10.3168,1.0000,1.9441,0.0229
1.7938,-10.4167,1.0000,1.9441,0.0202
1.7963,-10.5167,1.0000,1.9441,0.0173
1.7988,-10.6167,1.0000,1.9442,0.0144
1.8012,-10.7166,1.0000,1.9442,0.0117
1.8037,-10.8166,1.0000,1.9442,0.0091
1.8062,-10.9166,1.0000,1.9442,0.0068
1.8087,-11.0165,1.0000,1.9442,0.0049
1.8112,-11.1165,1.0000,1.9443,0.0033
1.8137,-11.2165,1.0000,1.9443,0.0021
1.8162,-11.3164,1.0000,1.9443,0.0013
1.8187,-11.4164,1.0000,1.9443,0.0008
1.8212,-11.5164,1.0000,1.9443,0.0004
1.8237,-11.6164,1.0000,1.9443,0.0002
1.8262,-11.7163,1.0000,1.9443,0.0002
1.8287,-11.8163,1.0000,1.9443,0.0002
1.8311,-11.9163,1.0000,1.9443,0.0001
1.8336,-12.0162,1.0000,1.9444,0.0001
1.8361,-12.1162,1.0000,1.9444,0.0000
1.8386,-12.2162,1.0000,1.9444,0.0000
1.8411,-12.3161,1.0000,1.9444,0.0000
1.8436,-12.4161,1.0000,1.9444,0.0000
1.8461,-12.5161,1.0000,1.9444,0.0000
1.8486,-12.6160,1.0000,1.9444,0.0000
1.8511,-12.7160,1.0000,1.9444,0.0000
1.8536,-12.8160,1.0000,1.9444,0.0000
1.8561,-12.9159,1.0000,1.9444,0.0000
1.8586,-13.0159,1.0000,1.9444,0.0000
1.8610,-13.1159,1.0000,1.9444,0.0000
1.8635,-13.2159,1.0000,1.9444,0.0000
1.8660,-13.3158,1.0000,1.9444,0.0000
1.8685,-13.4158,1.0000,1.9444,0.0000
1.8710,-13.5158,1.0000,1.9444,0.0000
1.8735,-13.6157,1.0000,1.9444,0.0000
1.8760,-13.7157,1.0000,1.9444,0.0000
1.8785,-13.8157,1.0000,1.9444,0.0000
1.8810,-13.9156,1.0000,1.9444,0.0000
1.8835,-14.0156,1.0000,1.9444,0.0000
1.8860,-14.1156,1.0000,1.9444,0.0000
1.8885,-14.2155,1.0000,1.9444,0.0000
1.8909,-14.3155,1.0000,1.9444,0.0000
1.8934,-14.4155,1.0000,1.9444,0.0000
1.8959,-14.5155,1.0000,1.9444,0.0000
1.8984,-14.6154,1.0000,1.9444,0.0000
1.9009,-14.7154,1.0000,1.9444,0.0000
1.9034,-14.8154,1.0000,1.9444,0.0000
1.9059,-14.9153,1.0000,1.9444,0.0000
1.9084,-15.0153,1.0000,1.9444,0.0000
1.9109,-15.1153,1.0000,1.9444,0.0000
1.9134,-15.2152,1.0000,1.9444,0.0000
1.9159,-15.3152,1.0000,1.9444,0.0000
1.9184,-15.4152,1.0000,1.9444,0.0000
1.9208,-15.5151,1.0000,1.9444,0.0000
1.9233,-15.6151,1.0000,1.9444,0.0000
1.9258,-15.7151,1.0000,1.9444,0.0000
1.9283,-15.8150,1.0000,1.9444,0.0000
1.9308,-15.9150,1.0000,1.9444,0.0000
1.9333,-16.0150,1.0000,1.9444,0.0000
1.9358,-16.1150,1.0000,1.9444,0.0000
1.9383,-16.2149,1.0000,1.9444,0.0000
1.9408,-16.3149,1.0000,1.9444,0.0000
1.9433,-16.4149,1.0000,1.9444,0.0000
1.9458,-16.5148,1.0000,1.9444,0.0000
1.9483,-16.6148,1.0000,1.9444,0.0000
1.9507,-16.7148,1.0000,1.9444,0.0000
1.9532,-16.8147,1.0000,1.9444,0.0000
1.9557,-16.9147,1.0000,1.9444,0.0000
1.9582,-17.0147,1.0000,1.9444,0.0000
1.9607,-17.1146,1.0000,1.9444,0.0000
1.9632,-17.2146,1.0000,1.9444,0.0000
1.9657,-17.3146,1.0000,1.9444,0.0000
1.9682,-17.4146,1.0000,1.9444,0.0000
1.9707,-17.5145,1.0000,1.9444,0.0000
1.9732,-17.6145,1.0000,1.9444,0.0000
1.9757,-17.7145,1.0000,1.9444,0.0000
1.9782,-17.8144,1.0000,1.9444,0.0000
1.9806,-17.9144,1.0000,1.9444,0.0000
1.9831,-18.0144,1.0000,1.9444,0.0000
1.9856,-18.1143,1.0000,1.9444,0.0000
1.9881,-18.2143,1.0000,1.9444,0.0000
1.9906,-18.3143,1.0000,1.9444,0.0000
1.9931,-18.4142,1.0000,1.9444,0.0000
1.9956,-18.5142,1.0000,1.9444,0.0000
1.9981,-18.6142,1.0000,1.9444,0.0000
2.0006,-18.7141,1.0000,1.9444,0.0000
2.0031,-18.8141,1.0000,1.9444,0.0000
2.0056,-18.9141,1.0000,1.9444,0.0000
2.0081,-19.0141,1.0000,1.9444,0.0000
2.0105,-19.1140,1.0000,1.9444,0.0000
2.0130,-19.2140,1.0000,1.9444,0.0000
2.0155,-19.3140,1.0000,1.9444,0.0000
2.0180,-19.4139,1.0000,1.9444,0.0000
2.0205,-19.5139,1.0000,1.9444,0.0000
2.0230,-19.6139,1.0000,1.9444,0.0000
2.0255,-19.7138,1.0000,1.9444,0.0000
2.0280,-19.8138,1.0000,1.9444,0.0000
2.0305,-19.9138,1.0000,1.9444,0.0000
2.0330,-20.0137,1.0000,1.9444,0.0000
2.0355,-20.1137,1.0000,1.9444,0.0000
2.0380,-20.2137,1.0000,1.9444,0.0000
2.0404,-20.3137,1.0000,1.9444,0.0000
2.0429,-20.4136,1.0000,1.9444,0.0000
2.0454,-20.5136,1.0000,1.9444,0.0000
2.0479,-20.6136,1.0000,1.9444,0.0000
2.0504,-20.7135,1.0000,1.9444,0.0000
2.0529,-20.8135,1.0000,1.9444,0.0000
2.0554,-20.9135,1.0000,1.9444,0.0000
2.0579,-21.0134,1.0000,1.9444,0.0000
2.0604,-21.1134,1.0000,1.9444,0.0000
2.0629,-21.2134,1.0000,1.9444,0.0000
2.0654,-21.3133,1.0000,1.9444,0.0000
2.0679,-21.4133,1.0000,1.9444,0.0000
2.0703,-21.5133,1.0000,1.9444,0.0000
2.0728,-21.6132,1.0000,1.9444,0.0000
2.0753,-21.7132,1.0000,1.9444,0.0000
2.0778,-21.8132,1.0000,1.9444,0.0000
2.0803,-21.9132,1.0000,1.9444,0.0000
2.0828,-22.0131,1.0000,1.9444,0.0000
2.0853,-22.1131,1.0000,1.9444,0.0000
2.0878,-22.2131,1.0000,1.9444,0.0000
2.0903,-22.3130,1.0000,1.9444,0.0000
2.0928,-22.4130,1.0000,1.9444,0.0000
2.0953,-22.5130,1.0000,1.9444,0.0000
2.0977,-22.6129,1.0000,1.9444,0.0000
2.1002,-22.7129,1.0000,1.9444,0.0000
2.1027,-22.8129,1.0000,1.9444,0.0000
2.1052,-22.9128,1.0000,1.9444,0.0000
2.1077,-23.0128,1.0000,1.9444,0.0000
2.1102,-23.1128,1.0000,1.9444,0.0000
2.1127,-23.2128,1.0000,1.9444,0.0000
2.1152,-23.3127,1.0000,1.9444,0.0000
2.1177,-23.4127,1.0000,1.9444,0.0000
2.1202,-23.5127,1.0000,1.9444,0.0000
2.1227,-23.6126,1.0000,1.9444,0.0000
2.1252,-23.7126,1.0000,1.9444,0.0000
2.1277,-23.8126,1.0000,1.9444,0.0000
2.1301,-23.9125,1.0000,1.9444,0.0000
2.1326,-24.0125,1.0000,1.9444,0.0000
2.1351,-24.1125,1.0000,1.9444,0.0000
2.1376,-24.2124,1.0000,1.9444,0.0000
2.1401,-24.3124,1.0000,1.9444,0.0000
2.1426,-24.4124,1.0000,1.9444,0.0000
2.1451,-24.5123,1.0000,1.9444,0.0000
2.1476,-24.6123,1.0000,1.9444,0.0000
2.1501,-24.7123,1.0000,1.9444,0.0000
2.1526,-24.8123,1.0000,1.9444,0.0000
2.1551,-24.9122,1.0000,1.9444,0.0000
2.1575,-25.0122,1.0000,1.9444,0.0000
2.1600,-25.1122,1.0000,1.9444,0.0000
2.1625,-25.2121,1.0000,1.9444,0.0000
2.1650,-25.3121,1.0000,1.9444,0.0000
2.1675,-25.4121,1.0000,1.9444,0.0000
2.1700,-25.5120,1.0000,1.9444,0.0000
2.1725,-25.6120,1.0000,1.9444,0.0000
2.1750,-25.7120,1.0000,1.9444,0.0000
2.1775,-25.8119,1.0000,1.9444,0.0000
2.1800,-25.9119,1.0000,1.9444,0.0000
2.1825,-26.0119,1.0000,1.9444,0.0000
2.1850,-26.1119,1.0000,1.9444,0.0000
2.1874,-26.2118,1.0000,1.9444,0.0000
2.1899,-26.3118,1.0000,1.9444,0.0000
2.1924,-26.4118,1.0000,1.9444,0.0000
2.1949,-26.5117,1.0000,1.9444,0.0000
2.1974,-26.6117,1.0000,1.9444,0.0000
2.1999,-26.7117,1.0000,1.9444,0.0000
2.2024,-26.8116,1.0000,1.9444,0.0000
2.2049,-26.9116,1.0000,1.9444,0.0000
2.2074,-27.0116,1.0000,1.9444,0.0000
2.2099,-27.1115,1.0000,1.9444,0.0000
2.2124,-27.2115,1.0000,1.9444,0.0000
2.2149,-27.3115,1.0000,1.9444,0.0000
2.2173,-27.4114,1.0000,1.9444,0.0000
2.2198,-27.5114,1.0000,1.9444,0.0000
2.2223,-27.6114,1.0000,1.9444,0.0000
2.2248,-27.7114,1.0000,1.9444,0.0000
2.2273,-27.8113,1.0000,1.9444,0.0000
2.2298,-27.9113,1.0000,1.9444,0.0000
2.2323,-28.0113,1.0000,1.9444,0.0000
2.2348,-28.1112,1.0000,1.9444,0.0000
2.2373,-28.2112,1.0000,1.9444,0.0000
2.2398,-28.3112,1.0000,1.9444,0.0000
2.2423,-28.4111,1.0000,1.9444,0.0000
2.2448,-28.5111,1.0000,1.9444,0.0000
2.2472,-28.6111,1.0000,1.9444,0.0000
2.2497,-28.7110,1.0000,1.9444,0.0000
2.2522,-28.8110,1.0000,1.9444,0.0000
2.2547,-28.9110,1.0000,1.9444,0.0000
2.2572,-29.0110,1.0000,1.9444,0.0000
2.2597,-29.1109,1.0000,1.9444,0.0000
2.2622,-29.2109,1.0000,1.9444,0.0000
2.2647,-29.3109,1.0000,1.9444,0.0000
2.2672,-29.4108,1.0000,1.9444,0.0000
2.2697,-29.5108,1.0000,1.9444,0.0000
2.2722,-29.6108,1.0000,1.9444,0.0000
2.2747,-29.7107,1.0000,1.9444,0.0000
2.2771,-29.8107,1.0000,1.9444,0.0000
2.2796,-29.9107,1.0000,1.9444,0.0000
2.2821,-30.0106,1.0000,1.9444,0.0000
2.2846,-30.1106,1.0000,1.9444,0.0000
2.2871,-30.2106,1.0000,1.9444,0.0000
2.2896,-30.3105,1.0000,1.9444,0.0000
2.2921,-30.4105,1.0000,1.9444,0.0000
2.2946,-30.5105,1.0000,1.9444,0.0000
2.2971,-30.6105,1.0000,1.9444,0.0000
2.2996,-30.7104,1.0000,1.9444,0.0000
2.3021,-30.8104,1.0000,1.9444,0.0000
2.3046,-30.9104,1.0000,1.9444,0.0000
2.3070,-31.0103,1.0000,1.9444,0.0000
2.3095,-31.1103,1.0000,1.9444,0.0000
2.3120,-31.2103,1.0000,1.9444,0.0000
2.3145,-31.3102,1.0000,1.9444,0.0000
2.3170,-31.4102,1.0000,1.9444,0.0000
2.3195,-31.5102,1.0000,1.9444,0.0000
2.3220,-31.6101,1.0000,1.9444,0.0000
2.3245,-31.7101,1.0000,1.9444,0.0000
2.3270,-31.8101,1.0000,1.9444,0.0000
2.3295,-31.9101,1.0000,1.9444,0.0000
2.3320,-32.0100,1.0000,1.9444,0.0000
2.3345,-32.1100,1.0000,1.9444,0.0000
2.3369,-32.2100,1.0000,1.9444,0.0000
2.3394,-32.3099,1.0000,1.9444,0.0000
2.3419,-32.4099,1.0000,1.9444,0.0000
2.3444,-32.5099,1.0000,1.9444,0.0000
2.3469,-32.6098,1.0000,1.9444,0.0000
2.3494,-32.7098,1.0000,1.9444,0.0000
2.3519,-32.8098,1.0000,1.9444,0.0000
2.3544,-32.9097,1.0000,1.9444,0.0000
2.3569,-33.0097,1.0000,1.9444,0.0000
2.3594,-33.1097,1.0000,1.9444,0.0000
2.3619,-33.2096,1.0000,1.9444,0.0000
2.3644,-33.3096,1.0000,1.9444,0.0000
2.3668,-33.4096,1.0000,1.9444,0.0000
2.3693,-33.5096,1.0000,1.9444,0.0000
2.3718,-33.6095,1.0000,1.9444,0.0000
2.3743,-33.7095,1.0000,1.9444,0.0000
2.3768,-33.8095,1.0000,1.9444,0.0000
2.3793,-33.9094,1.0000,1.9444,0.0000
2.3818,-34.0094,1.0000,1.9444,0.0000
2.3843,-34.1094,1.0000,1.9444,0.0000
2.3868,-34.2093,1.0000,1.9444,0.0000
2.3893,-34.3093,1.0000,1.9444,0.0000
2.3918,-34.4093,1.0000,1.9444,0.0000
2.3943,-34.5092,1.0000,1.9444,0.0000
2.3967,-34.6092,1.0000,1.9444,0.0000
2.3992,-34.7092,1.0000,1.9444,0.0000
2.4017,-34.8092,1.0000,1.9444,0.0000
2.4042,-34.9091,1.0000,1.9444,0.0000
2.4067,-35.0091,1.0000,1.9444,0.0000
2.4092,-35.1091,1.0000,1.9444,0.0000
2.4117,-35.2090,1.0000,1.9444,0.0000
2.4142,-35.3090,1.0000,1.9444,0.0000
2.4167,-35.4090,1.0000,1.9444,0.0000
2.4192,-35.5089,1.0000,1.9444,0.0001
2.4217,-35.6089,1.0000,1.9444,0.0001
2.4242,-35.7089,1.0000,1.9444,0.0002
2.4266,-35.8088,1.0000,1.9444,0.0003
2.4291,-35.9088,1.0000,1.9444,0.0005
2.4316,-36.0088,1.0000,1.9444,0.0007
2.4341,-36.1087,1.0000,1.9444,0.0010
2.4366,-36.2087,1.0000,1.9444,0.0014
2.4391,-36.3087,1.0000,1.9444,0.0018
2.4416,-36.4087,1.0000,1.9444,0.0022
2.4441,-36.5086,1.0000,1.9444,0.0026
2.4466,-36.6086,1.0000,1.9444,0.0029
2.4491,-36.7086,1.0000,1.9444,0.0033
2.4516,-36.8085,1.0000,1.9444,0.0035
2.4541,-36.9085,1.0000,1.9444,0.0037
2.4565,-37.0085,1.0000,1.9444,0.0038
2.4590,-37.1084,1.0000,1.9444,0.0038
2.4615,-37.2084,1.0000,1.9444,0.0040
2.4640,-37.3084,1.0000,1.9444,0.0043
2.4665,-37.4083,1.0000,1.9444,0.0046
2.4690,-37.5083,1.0000,1.9444,0.0050
2.4715,-37.6083,1.0000,1.9444,0.0054
2.4740,-37.7083,1.0000,1.9444,0.0058
2.4765,-37.8082,1.0000,1.9444,0.0062
2.4790,-37.9082,1.0000,1.9444,0.0065
2.4815,-38.0082,1.0000,1.9444,0.0068
2.4840,-38.1081,1.0000,1.9444,0.0071
2.4864,-38.2081,1.0000,1.9444,0.0073
2.4890,-38.3081,1.0000,1.9444,0.0074
2.4916,-38.4080,1.0000,1.9444,0.0075
2.4942,-38.5080,1.0000,1.9444,0.0075
2.4968,-38.6080,1.0000,1.9444,0.0076
2.4993,-38.7079,1.0000,1.9444,0.0076
2.5015,-38.8079,1.0000,1.9444,0.0076
2.5034,-38.9079,1.0000,1.9444,0.0076
2.5049,-39.0079,1.0000,1.9444,0.0076
2.5061,-39.1079,1.0000,1.9444,0.0076
2.5070,-39.2079,1.0000,1.9444,0.0076
2.5076,-39.3079,1.0000,1.9444,0.0076
2.5077,-39.4079,1.0000,1.9444,0.0076
2.5075,-39.5079,1.0000,1.9444,0.0076
2.5071,-39.6079,1.0000,1.9444,0.0076
2.5069,-39.7079,1.0000,1.9444,0.0076
2.5069,-39.8079,1.0000,1.9444,0.0076
2.5073,-39.9079,1.0000,1.9444,0.0076
2.5081,-40.0079,1.0000,1.9444,0.0076
2.5092,-40.1078,1.0000,1.9444,0.0076
2.5107,-40.2078,1.0000,1.9444,0.0076
2.5125,-40.3078,1.0000,1.9444,0.0076
2.5148,-40.4078,1.0000,1.9444,0.0076
2.5173,-40.5078,1.0000,1.9444,0.0076
2.5200,-40.6077,1.0000,1.9444,0.0075
2.5227,-40.7077,1.0000,1.9444,0.0075
2.5253,-40.8077,1.0000,1.9444,0.0074
2.5278,-40.9076,1.0000,1.9444,0.0073
2.5303,-41.0076,1.0000,1.9444,0.0071
2.5328,-41.1076,1.0000,1.9444,0.0069
2.5353,-41.2075,1.0000,1.9444,0.0066
2.5378,-41.3075,1.0000,1.9444,0.0062
2.5403,-41.4075,1.0000,1.9444,0.0058
2.5428,-41.5074,1.0000,1.9444,0.0054
2.5453,-41.6074,1.0000,1.9444,0.0050
2.5478,-41.7074,1.0000,1.9444,0.0047
2.5502,-41.8073,1.0000,1.9444,0.0043
2.5527,-41.9073,1.0000,1.9444,0.0041
2.5552,-42.0073,1.0000,1.9444,0.0039
2.5577,-42.1073,1.0000,1.9444,0.0038
2.5602,-42.2072,1.0000,1.9444,0.0038
2.5627,-42.3072,1.0000,1.9444,0.0036
2.5652,-42.4072,1.0000,1.9444,0.0034
2.5677,-42.5071,1.0000,1.9444,0.0030
2.5702,-42.6071,1.0000,1.9444,0.0027
2.5727,-42.7071,1.0000,1.9444,0.0023
2.5752,-42.8070,1.0000,1.9444,0.0019
2.5777,-42.9070,1.0000,1.9444,0.0015
2.5802,-43.0070,1.0000,1.9444,0.0011
2.5827,-43.1069,1.0000,1.9444,0.0008
2.5851,-43.2069,1.0000,1.9444,0.0005
2.5876,-43.3069,1.0000,1.9444,0.0004
2.5901,-43.4068,1.0000,1.9444,0.0002
2.5926,-43.5068,1.0000,1.9444,0.0001
2.5951,-43.6068,1.0000,1.9444,0.0001
2.5976,-43.7068,1.0000,1.9444,0.0001
2.6001,-43.8067,1.0000,1.9444,0.0001
2.6026,-43.9067,1.0000,1.9444,0.0001
2.6051,-44.0067,1.0000,1.9444,0.0000
2.6076,-44.1066,1.0000,1.9444,0.0000
2.6101,-44.2066,1.0000,1.9444,0.0000
2.6126,-44.3066,1.0000,1.9444,0.0000
2.6151,-44.4065,1.0000,1.9444,0.0000
2.6176,-44.5065,1.0000,1.9444,0.0000
2.6200,-44.6065,1.0000,1.9444,0.0000
2.6225,-44.7064,1.0000,1.9444,0.0000
2.6250,-44.8064,1.0000,1.9444,0.0000
2.6275,-44.9064,1.0000,1.9444,0.0000
2.6300,-45.0064,1.0000,1.9444,0.0000
2.6325,-45.1063,1.0000,1.9444,0.0000
2.6350,-45.2063,1.0000,1.9444,0.0000
2.6375,-45.3063,1.0000,1.9444,0.0000
2.6400,-45.4062,1.0000,1.9444,0.0000
2.6425,-45.5062,1.0000,1.9444,0.0000
2.6450,-45.6062,1.0000,1.9444,0.0000
2.6475,-45.7061,1.0000,1.9444,0.0000
2.6500,-45.8061,1.0000,1.9444,0.0000
2.6524,-45.9061,1.0000,1.9444,0.0000
2.6549,-46.0060,1.0000,1.9444,0.0000
2.6574,-46.1060,1.0000,1.9444,0.0000
2.6599,-46.2060,1.0000,1.9444,0.0000
2.6624,-46.3059,1.0000,1.9444,0.0000
2.6649,-46.4059,1.0000,1.9444,0.0000
2.6674,-46.5059,1.0000,1.9444,0.0000
2.6699,-46.6059,1.0000,1.9444,0.0000
2.6724,-46.7058,1.0000,1.9444,0.0000
2.6749,-46.8058,1.0000,1.9444,0.0000
2.6774,-46.9058,1.0000,1.9444,0.0000
2.6799,-47.0057,1.0000,1.9444,0.0000
2.6824,-47.1057,1.0000,1.9444,0.0000
2.6849,-47.2057,1.0000,1.9444,0.0000
2.6873,-47.3056,1.0000,1.9444,0.0000
2.6898,-47.4056,1.0000,1.9444,0.0000
2.6923,-47.5056,1.0000,1.9444,0.0000
2.6948,-47.6055,1.0000,1.9444,0.0000
2.6973,-47.7055,1.0000,1.9444,0.0000
2.6998,-47.8055,1.0000,1.9444,0.0000
2.7023,-47.9054,1.0000,1.9444,0.0000
2.7048,-48.0054,1.0000,1.9444,0.0000
2.7073,-48.1054,1.0000,1.9444,0.0000
2.7098,-48.2054,1.0000,1.9444,0.0000
2.7123,-48.3053,1.0000,1.9444,0.0000
2.7148,-48.4053,1.0000,1.9444,0.0000
2.7173,-48.5053,1.0000,1.9444,0.0000
2.7198,-48.6052,1.0000,1.9444,0.0000
2.7222,-48.7052,1.0000,1.9444,0.0000
2.7247,-48.8052,1.0000,1.9444,0.0000
2.7272,-48.9051,1.0000,1.9444,0.0000
2.7297,-49.0051,1.0000,1.9444,0.0000
2.7322,-49.1051,1.0000,1.9444,0.0000
2.7347,-49.2050,1.0000,1.9444,0.0000
2.7372,-49.3050,1.0000,1.9444,0.0000
2.7397,-49.4050,1.0000,1.9444,0.0000
2.7422,-49.5050,1.0000,1.9444,0.0000
2.7447,-49.6049,1.0000,1.9444,0.0000
2.7472,-49.7049,1.0000,1.9444,0.0000
2.7497,-49.8049,1.0000,1.9444,0.0000
2.7522,-49.9048,1.0000,1.9444,0.0000
2.7547,-50.0048,1.0000,1.9444,0.0000
2.7571,-50.1048,1.0000,1.9444,0.0000
2.7596,-50.2047,1.0000,1.9444,0.0000
2.7621,-50.3047,1.0000,1.9444,0.0000
2.7646,-50.4047,1.0000,1.9444,0.0000
2.7671,-50.5046,1.0000,1.9444,0.0000
2.7696,-50.6046,1.0000,1.9444,0.0000
2.7721,-50.7046,1.0000,1.9444,0.0000
2.7746,-50.8046,1.0000,1.9444,0.0000
2.7771,-50.9045,1.0000,1.9444,0.0000
2.7796,-51.0045,1.0000,1.9444,0.0000
2.7821,-51.1045,1.0000,1.9444,0.0000
2.7846,-51.2044,1.0000,1.9444,0.0000
2.7871,-51.3044,1.0000,1.9444,0.0000
2.7896,-51.4044,1.0000,1.9444,0.0000
2.7920,-51.5043,1.0000,1.9444,0.0000
2.7945,-51.6043,1.0000,1.9444,0.0000
2.7970,-51.7043,1.0000,1.9444,0.0000
2.7995,-51.8042,1.0000,1.9444,0.0000
2.8020,-51.9042,1.0000,1.9444,0.0000
2.8045,-52.0042,1.0000,1.9444,0.0000
2.8070,-52.1041,1.0000,1.9444,0.0000
2.8095,-52.2041,1.0000,1.9444,0.0000
2.8120,-52.3041,1.0000,1.9444,0.0000
2.8145,-52.4041,1.0000,1.9444,0.0000
2.8170,-52.5040,1.0000,1.9444,0.0000
2.8195,-52.6040,1.0000,1.9444,0.0001
2.8220,-52.7040,1.0000,1.9444,0.0001
2.8244,-52.8039,1.0000,1.9444,0.0001
2.8269,-52.9039,1.0000,1.9444,0.0002
2.8294,-53.0039,1.0000,1.9444,0.0002
2.8319,-53.1038,1.0000,1.9444,0.0004
2.8344,-53.2038,1.0000,1.9444,0.0005
2.8369,-53.3038,1.0000,1.9444,0.0008
2.8394,-53.4037,1.0000,1.9444,0.0010
2.8419,-53.5037,1.0000,1.9444,0.0013
2.8444,-53.6037,1.0000,1.9444,0.0016
2.8469,-53.7036,1.0000,1.9444,0.0020
2.8494,-53.8036,1.0000,1.9444,0.0023
2.8519,-53.9036,1.0000,1.9444,0.0026
2.8544,-54.0036,1.0000,1.9444,0.0028
2.8569,-54.1035,1.0000,1.9444,0.0030
2.8593,-54.2035,1.0000,1.9444,0.0032
2.8618,-54.3035,1.0000,1.9444,0.0032
2.8643,-54.4034,1.0000,1.9444,0.0032
2.8668,-54.5034,1.0000,1.9444,0.0034
2.8693,-54.6034,1.0000,1.9444,0.0036
2.8718,-54.7033,1.0000,1.9444,0.0039
2.8743,-54.8033,1.0000,1.9444,0.0043
2.8768,-54.9033,1.0000,1.9444,0.0046
2.8793,-55.0032,1.0000,1.9444,0.0050
2.8818,-55.1032,1.0000,1.9444,0.0054
2.8843,-55.2032,1.0000,1.9444,0.0057
2.8868,-55.3032,1.0000,1.9444,0.0060
2.8893,-55.4031,1.0000,1.9444,0.0063
2.8918,-55.5031,1.0000,1.9444,0.0065
2.8942,-55.6031,1.0000,1.9444,0.0066
2.8965,-55.7030,1.0000,1.9444,0.0067
2.8989,-55.8030,1.0000,1.9444,0.0068
2.9014,-55.9030,1.0000,1.9444,0.0068
2.9040,-56.0029,1.0000,1.9444,0.0068
2.9069,-56.1029,1.0000,1.9444,0.0068
2.9101,-56.2028,1.0000,1.9444,0.0069
2.9135,-56.3028,1.0000,1.9444,0.0069
2.9172,-56.4027,1.0000,1.9444,0.0069
2.9212,-56.5026,1.0000,1.9444,0.0069
2.9255,-56.6025,1.0000,1.9444,0.0069
2.9299,-56.7024,1.0000,1.9444,0.0069
2.9345,-56.8023,1.0000,1.9444,0.0069
2.9393,-56.9022,1.0000,1.9444,0.0069
2.9440,-57.0021,1.0000,1.9444,0.0069
2.9485,-57.1020,1.0000,1.9444,0.0069
2.9527,-57.2019,1.0000,1.9444,0.0069
2.9567,-57.3018,1.0000,1.9444,0.0069
2.9603,-57.4018,1.0000,1.9444,0.0069
2.9636,-57.5017,1.0000,1.9444,0.0069
2.9666,-57.6017,1.0000,1.9444,0.0068
2.9693,-57.7016,1.0000,1.9444,0.0068
2.9716,-57.8016,1.0000,1.9444,0.0068
2.9738,-57.9016,1.0000,1.9444,0.0068
2.9759,-58.0016,1.0000,1.9444,0.0067
2.9780,-58.1016,1.0000,1.9444,0.0066
2.9801,-58.2015,1.0000,1.9444,0.0065
2.9824,-58.3015,1.0000,1.9444,0.0063
2.9846,-58.4015,1.0000,1.9444,0.0061
2.9868,-58.5015,1.0000,1.9444,0.0059
2.9890,-58.6014,1.0000,1.9444,0.0056
2.9912,-58.7014,1.0000,1.9444,0.0052
2.9935,-58.8014,1.0000,1.9444,0.0049
2.9957,-58.9014,1.0000,1.9444,0.0046
2.9979,-59.0013,1.0000,1.9444,0.0043
3.0001,-59.1013,1.0000,1.9444,0.0040
3.0023,-59.2013,1.0000,1.9444,0.0039
3.0046,-59.3013,1.0000,1.9444,0.0037
3.0068,-59.4012,1.0000,1.9444,0.0037
3.0090,-59.5012,1.0000,1.9444,0.0036
3.0112,-59.6012,1.0000,1.9444,0.0035
3.0135,-59.7012,1.0000,1.9444,0.0032
3.0157,-59.8011,1.0000,1.9444,0.0029
3.0179,-59.9011,1.0000,1.9444,0.0026
3.0201,-60.0011,1.0000,1.9444,0.0022
3.0223,-60.1011,1.0000,1.9444,0.0019
3.0246,-60.2010,1.0000,1.9444,0.0015
3.0268,-60.3010,1.0000,1.9444,0.0011
3.0290,-60.4010,1.0000,1.9444,0.0008
3.0312,-60.5010,1.0000,1.9444,0.0006
3.0334,-60.6009,1.0000,1.9444,0.0004
3.0357,-60.7009,1.0000,1.9444,0.0003
3.0379,-60.8009,1.0000,1.9444,0.0002
3.0401,-60.9009,1.0000,1.9444,0.0001
3.0423,-61.0008,1.0000,1.9444,0.0000
3.0446,-61.1008,1.0000,1.9444,0.0000
3.0468,-61.2008,1.0000,1.9444,0.0000
3.0490,-61.3008,1.0000,1.9444,0.0000
3.0512,-61.4007,1.0000,1.9444,0.0000
3.0534,-61.5007,1.0000,1.9444,0.0000
3.0557,-61.6007,1.0000,1.9444,0.0000
3.0579,-61.7007,1.0000,1.9444,0.0000
3.0601,-61.8006,1.0000,1.9444,0.0000
3.0623,-61.9006,1.0000,1.9444,0.0000
3.0646,-62.0006,1.0000,1.9444,0.0000
3.0668,-62.1006,1.0000,1.9444,0.0000
3.0690,-62.2005,1.0000,1.9444,0.0000
3.0712,-62.3005,1.0000,1.9444,0.0000
3.0734,-62.4005,1.0000,1.9444,0.0000
3.0757,-62.5005,1.0000,1.9444,0.0000
3.0779,-62.6004,1.0000,1.9444,0.0000
3.0801,-62.7004,1.0000,1.9444,0.0000
3.0823,-62.8004,1.0000,1.9444,0.0000
3.0845,-62.9004,1.0000,1.9444,0.0000
3.0868,-63.0003,1.0000,1.9444,0.0000
3.0890,-63.1003,1.0000,1.9444,0.0000
3.0912,-63.2003,1.0000,1.9444,0.0000
3.0934,-63.3003,1.0000,1.9444,0.0000
3.0957,-63.4002,1.0000,1.9444,0.0000
3.0979,-63.5002,1.0000,1.9444,0.0000
3.1001,-63.6002,1.0000,1.9444,0.0000
3.1023,-63.7002,1.0000,1.9444,0.0000
3.1045,-63.8001,1.0000,1.9444,0.0000
3.1068,-63.9001,1.0000,1.9444,0.0000
3.1090,-64.0001,1.0000,1.9444,0.0000
3.1112,-64.1001,1.0000,1.9444,0.0000
3.1134,-64.2001,1.0000,1.9444,0.0000
3.1156,-64.3000,1.0000,1.9444,0.0000
3.1179,-64.4000,1.0000,1.9444,0.0000
3.1201,-64.5000,1.0000,1.9444,0.0000
3.1223,-64.6000,1.0000,1.9444,0.0000
3.1245,-64.6999,1.0000,1.9444,0.0000
3.1268,-64.7999,1.0000,1.9444,0.0000
3.1290,-64.8999,1.0000,1.9444,0.0000
3.1312,-64.9998,1.0000,1.9444,0.0000
3.1334,-65.0998,1.0000,1.9444,0.0000
3.1356,-65.1998,1.0000,1.9444,0.0000
3.1379,-65.2998,1.0000,1.9444,0.0000
3.1401,-65.3997,1.0000,1.9444,0.0000
3.1423,-65.4997,1.0000,1.9444,0.0000
3.1445,-65.5997,1.0000,1.9444,0.0000
3.1467,-65.6997,1.0000,1.9444,0.0000
3.1490,-65.7997,1.0000,1.9444,0.0000
3.1512,-65.8996,1.0000,1.9444,0.0000
3.1534,-65.9996,1.0000,1.9444,0.0000
3.1556,-66.0996,1.0000,1.9444,0.0000
3.1579,-66.1996,1.0000,1.9444,0.0000
3.1601,-66.2995,1.0000,1.9444,0.0000
3.1623,-66.3995,1.0000,1.9444,0.0000
3.1645,-66.4995,1.0000,1.9444,0.0000
3.1667,-66.5995,1.0000,1.9444,0.0000
3.1690,-66.6994,1.0000,1.9444,0.0000
3.1712,-66.7994,1.0000,1.9444,0.0000
3.1734,-66.8994,1.0000,1.9444,0.0000
3.1756,-66.9994,1.0000,1.9444,0.0000
3.1778,-67.0993,1.0000,1.9444,0.0000
3.1801,-67.1993,1.0000,1.9444,0.0000
3.1823,-67.2993,1.0000,1.9444,0.0000
3.1845,-67.3993,1.0000,1.9444,0.0000
3.1867,-67.4992,1.0000,1.9444,0.0000
3.1890,-67.5992,1.0000,1.9444,0.0000
3.1912,-67.6992,1.0000,1.9444,0.0000
3.1934,-67.7992,1.0000,1.9444,0.0000
3.1956,-67.8991,1.0000,1.9444,0.0000
3.1978,-67.9991,1.0000,1.9444,0.0000
3.2001,-68.0991,1.0000,1.9444,0.0000
3.2023,-68.1991,1.0000,1.9444,0.0000
3.2045,-68.2990,1.0000,1.9444,0.0000
3.2067,-68.3990,1.0000,1.9444,0.0000
3.2089,-68.4990,1.0000,1.9444,0.0000
3.2112,-68.5990,1.0000,1.9444,0.0000
3.2134,-68.6989,1.0000,1.9444,0.0000
3.2156,-68.7989,1.0000,1.9444,0.0000
3.2178,-68.8989,1.0000,1.9444,0.0000
3.2201,-68.9989,1.0000,1.9444,0.0000
3.2223,-69.0988,1.0000,1.9444,0.0000
3.2245,-69.1988,1.0000,1.9444,0.0000
3.2267,-69.2988,1.0000,1.9444,0.0000
3.2289,-69.3988,1.0000,1.9444,0.0000
3.2312,-69.4987,1.0000,1.9444,0.0000
3.2334,-69.5987,1.0000,1.9444,0.0000
3.2356,-69.6987,1.0000,1.9444,0.0000
3.2378,-69.7987,1.0000,1.9444,0.0000
3.2400,-69.8986,1.0000,1.9444,0.0000
3.2423,-69.9986,1.0000,1.9444,0.0000
3.2445,-70.0986,1.0000,1.9444,0.0000
3.2467,-70.1986,1.0000,1.9444,0.0000
3.2489,-70.2985,1.0000,1.9444,0.0000
3.2512,-70.3985,1.0000,1.9444,0.0000
3.2534,-70.4985,1.0000,1.9444,0.0000
3.2556,-70.5985,1.0000,1.9444,0.0000
3.2578,-70.6984,1.0000,1.9444,0.0000
3.2600,-70.7984,1.0000,1.9444,0.0000
3.2623,-70.8984,1.0000,1.9444,0.0000
3.2645,-70.9984,1.0000,1.9444,0.0000
3.2667,-71.0983,1.0000,1.9444,0.0000
3.2689,-71.1983,1.0000,1.9444,0.0000
3.2711,-71.2983,1.0000,1.9444,0.0000
3.2734,-71.3983,1.0000,1.9444,0.0000
3.2756,-71.4982,1.0000,1.9444,0.0000
3.2778,-71.5982,1.0000,1.9444,0.0000
3.2800,-71.6982,1.0000,1.9444,0.0000
3.2823,-71.7982,1.0000,1.9444,0.0000
3.2845,-71.8981,1.0000,1.9444,0.0000
3.2867,-71.9981,1.0000,1.9444,0.0000
3.2889,-72.0981,1.0000,1.9444,0.0000
3.2911,-72.1981,1.0000,1.9444,0.0000
3.2934,-72.2980,1.0000,1.9444,0.0000
3.2956,-72.3980,1.0000,1.9444,0.0000
3.2978,-72.4980,1.0000,1.9444,0.0000
3.3000,-72.5980,1.0000,1.9444,0.0000
3.3022,-72.6980,1.0000,1.9444,0.0000
3.3045,-72.7979,1.0000,1.9444,0.0000
3.3067,-72.8979,1.0000,1.9444,0.0000
3.3089,-72.9979,1.0000,1.9444,0.0000
3.3111,-73.0979,1.0000,1.9444,0.0000
3.3134,-73.1978,1.0000,1.9444,0.0000
3.3156,-73.2978,1.0000,1.9444,0.0000
3.3178,-73.3978,1.0000,1.9444,0.0000
3.3200,-73.4977,1.0000,1.9444,0.0000
3.3222,-73.5977,1.0000,1.9444,0.0000
3.3245,-73.6977,1.0000,1.9444,0.0000
3.3267,-73.7977,1.0000,1.9444,0.0000
3.3289,-73.8977,1.0000,1.9444,0.0000
3.3311,-73.9976,1.0000,1.9444,0.0000
3.3333,-74.0976,1.0000,1.9444,0.0000
3.3356,-74.1976,1.0000,1.9444,0.0000
3.3378,-74.2976,1.0000,1.9444,0.0000
3.3400,-74.3975,1.0000,1.9444,0.0000
3.3422,-74.4975,1.0000,1.9444,0.0000
3.3445,-74.5975,1.0000,1.9444,0.0000
3.3467,-74.6975,1.0000,1.9444,0.0000
3.3489,-74.7974,1.0000,1.9444,0.0000
3.3511,-74.8974,1.0000,1.9444,0.0000
3.3533,-74.9974,1.0000,1.9444,0.0000
3.3556,-75.0974,1.0000,1.9444,0.0000
3.3578,-75.1973,1.0000,1.9444,0.0000
3.3600,-75.2973,1.0000,1.9444,0.0000
3.3622,-75.3973,1.0000,1.9444,0.0000
3.3644,-75.4973,1.0000,1.9444,0.0000
3.3667,-75.5972,1.0000,1.9444,0.0000
3.3689,-75.6972,1.0000,1.9444,0.0000
3.3711,-75.7972,1.0000,1.9444,0.0000
3.3733,-75.8972,1.0000,1.9444,0.0000
3.3756,-75.9971,1.0000,1.9444,0.0000
3.3778,-76.0971,1.0000,1.9444,0.0000
3.3800,-76.1971,1.0000,1.9444,0.0000
3.3822,-76.2971,1.0000,1.9444,0.0000
3.3844,-76.3970,1.0000,1.9444,0.0000
3.3867,-76.4970,1.0000,1.9444,0.0000
3.3889,-76.5970,1.0000,1.9444,0.0000
3.3911,-76.6970,1.0000,1.9444,0.0000
3.3933,-76.7969,1.0000,1.9444,0.0000
3.3955,-76.8969,1.0000,1.9444,0.0000
3.3978,-76.9969,1.0000,1.9444,0.0000
3.4000,-77.0969,1.0000,1.9444,0.0000
3.4022,-77.1968,1.0000,1.9444,0.0000
3.4044,-77.2968,1.0000,1.9444,0.0000
3.4067,-77.3968,1.0000,1.9444,0.0000
3.4089,-77.4968,1.0000,1.9444,0.0000
3.4111,-77.5967,1.0000,1.9444,0.0000
3.4133,-77.6967,1.0000,1.9444,0.0000
3.4155,-77.7967,1.0000,1.9444,0.0000
3.4178,-77.8967,1.0000,1.9444,0.0000
3.4200,-77.9966,1.0000,1.9444,0.0000
3.4222,-78.0966,1.0000,1.9444,0.0000
3.4244,-78.1966,1.0000,1.9444,0.0000
3.4267,-78.2966,1.0000,1.9444,0.0000
3.4289,-78.3965,1.0000,1.9444,0.0000
3.4311,-78.4965,1.0000,1.9444,0.0000
3.4333,-78.5965,1.0000,1.9444,0.0000
3.4355,-78.6965,1.0000,1.9444,0.0000
3.4378,-78.7964,1.0000,1.9444,0.0000
3.4400,-78.8964,1.0000,1.9444,0.0000
3.4422,-78.9964,1.0000,1.9444,0.0000
3.4444,-79.0964,1.0000,1.9444,0.0000
3.4466,-79.1963,1.0000,1.9444,0.0000
3.4489,-79.2963,1.0000,1.9444,0.0000
3.4511,-79.3963,1.0000,1.9444,0.0000
3.4533,-79.4963,1.0000,1.9444,0.0000
3.4555,-79.5962,1.0000,1.9444,0.0000
3.4578,-79.6962,1.0000,1.9444,0.0000
3.4600,-79.7962,1.0000,1.9444,0.0000
3.4622,-79.8962,1.0000,1.9444,0.0000
3.4644,-79.9961,1.0000,1.9444,0.0000
3.4666,-80.0961,1.0000,1.9444,0.0000
3.4689,-80.1961,1.0000,1.9444,0.0000
3.4711,-80.2961,1.0000,1.9444,0.0000
3.4733,-80.3960,1.0000,1.9444,0.0000
3.4755,-80.4960,1.0000,1.9444,0.0000
3.4777,-80.5960,1.0000,1.9444,0.0000
3.4800,-80.6960,1.0000,1.9444,0.0000
3.4822,-80.7960,1.0000,1.9444,0.0000
3.4844,-80.8959,1.0000,1.9444,0.0000
3.4866,-80.9959,1.0000,1.9444,0.0000
3.4889,-81.0959,1.0000,1.9444,0.0000
3.4911,-81.1959,1.0000,1.9444,0.0000
3.4933,-81.2958,1.0000,1.9444,0.0000
3.4955,-81.3958,1.0000,1.9444,0.0000
3.4977,-81.4958,1.0000,1.9444,0.0000
3.5000,-81.5958,1.0000,1.9444,0.0000
3.5022,-81.6957,1.0000,1.9444,0.0000
3.5044,-81.7957,1.0000,1.9444,0.0000
3.5066,-81.8957,1.0000,1.9444,0.0000
3.5088,-81.9957,1.0000,1.9444,0.0000
3.5111,-82.0956,1.0000,1.9444,0.0000
3.5133,-82.1956,1.0000,1.9444,0.0000
3.5155,-82.2956,1.0000,1.9444,0.0000
3.5177,-82.3956,1.0000,1.9444,0.0000
3.5200,-82.4955,1.0000,1.9444,0.0000
3.5222,-82.5955,1.0000,1.9444,0.0000
3.5244,-82.6955,1.0000,1.9444,0.0000
3.5266,-82.7955,1.0000,1.9444,0.0000
3.5288,-82.8954,1.0000,1.9444,0.0000
3.5311,-82.9954,1.0000,1.9444,0.0000
3.5333,-83.0954,1.0000,1.9444,0.0000
3.5355,-83.1954,1.0000,1.9444,0.0000
3.5377,-83.2953,1.0000,1.9444,0.0000
3.5399,-83.3953,1.0000,1.9444,0.0000
3.5422,-83.4953,1.0000,1.9444,0.0000
3.5444,-83.5953,1.0000,1.9444,0.0000
3.5466,-83.6952,1.0000,1.9444,0.0000
3.5488,-83.7952,1.0000,1.9444,0.0000
3.5511,-83.8952,1.0000,1.9444,0.0000
3.5533,-83.9952,1.0000,1.9444,0.0000
3.5555,-84.0951,1.0000,1.9444,0.0000
3.5577,-84.1951,1.0000,1.9444,0.0000
3.5599,-84.2951,1.0000,1.9444,0.0000
3.5622,-84.3951,1.0000,1.9444,0.0000
3.5644,-84.4950,1.0000,1.9444,0.0000
3.5666,-84.5950,1.0000,1.9444,0.0000
3.5688,-84.6950,1.0000,1.9444,0.0000
3.5710,-84.7950,1.0000,1.9444,0.0000
3.5733,-84.8949,1.0000,1.9444,0.0000
3.5755,-84.9949,1.0000,1.9444,0.0000
3.5777,-85.0949,1.0000,1.9444,0.0000
3.5799,-85.1949,1.0000,1.9444,0.0000
3.5822,-85.2948,1.0000,1.9444,0.0000
3.5844,-85.3948,1.0000,1.9444,0.0000
3.5866,-85.4948,1.0000,1.9444,0.0000
3.5888,-85.5948,1.0000,1.9444,0.0000
3.5910,-85.6947,1.0000,1.9444,0.0000
3.5933,-85.7947,1.0000,1.9444,0.0000
3.5955,-85.8947,1.0000,1.9444,0.0000
3.5977,-85.9947,1.0000,1.9444,0.0000
3.5999,-86.0946,1.0000,1.9444,0.0000
3.6021,-86.1946,1.0000,1.9444,0.0000
3.6044,-86.2946,1.0000,1.9444,0.0000
3.6066,-86.3946,1.0000,1.9444,0.0000
3.6088,-86.4945,1.0000,1.9444,0.0000
3.6110,-86.5945,1.0000,1.9444,0.0000
3.6133,-86.6945,1.0000,1.9444,0.0000
3.6155,-86.7945,1.0000,1.9444,0.0000
3.6177,-86.8944,1.0000,1.9444,0.0000
3.6199,-86.9944,1.0000,1.9444,0.0000
3.6221,-87.0944,1.0000,1.9444,0.0000
3.6244,-87.1944,1.0000,1.9444,0.0000
3.6266,-87.2943,1.0000,1.9444,0.0000
3.6288,-87.3943,1.0000,1.9444,0.0000
3.6310,-87.4943,1.0000,1.9444,0.0000
3.6332,-87.5943,1.0000,1.9444,0.0000
3.6355,-87.6943,1.0000,1.9444,0.0000
3.6377,-87.7942,1.0000,1.9444,0.0000
3.6399,-87.8942,1.0000,1.9444,0.0000
3.6421,-87.9942,1.0000,1.9444,0.0000
3.6444,-88.0941,1.0000,1.9444,0.0000
3.6466,-88.1941,1.0000,1.9444,0.0000
3.6488,-88.2941,1.0000,1.9444,0.0000
3.6510,-88.3941,1.0000,1.9444,0.0000
3.6532,-88.4940,1.0000,1.9444,0.0000
3.6555,-88.5940,1.0000,1.9444,0.0000
3.6577,-88.6940,1.0000,1.9444,0.0000
3.6599,-88.7940,1.0000,1.9444,0.0000
3.6621,-88.8940,1.0000,1.9444,0.0000
3.6643,-88.9939,1.0000,1.9444,0.0000
3.6666,-89.0939,1.0000,1.9444,0.0000
3.6688,-89.1939,1.0000,1.9444,0.0000
3.6710,-89.2939,1.0000,1.9444,0.0000
3.6732,-89.3938,1.0000,1.9444,0.0000
3.6755,-89.4938,1.0000,1.9444,0.0000
3.6777,-89.5938,1.0000,1.9444,0.0000
3.6799,-89.6938,1.0000,1.9444,0.0000
3.6821,-89.7937,1.0000,1.9444,0.0000
3.6843,-89.8937,1.0000,1.9444,0.0000
3.6866,-89.9937,1.0000,1.9444,0.0000
3.6888,-90.0937,1.0000,1.9444,0.0000
3.6910,-90.1936,1.0000,1.9444,0.0000
3.6932,-90.2936,1.0000,1.9444,0.0000
3.6954,-90.3936,1.0000,1.9444,0.0000
3.6977,-90.4936,1.0000,1.9444,0.0000
3.6999,-90.5935,1.0000,1.9444,0.0000
3.7021,-90.6935,1.0000,1.9444,0.0000
3.7043,-90.7935,1.0000,1.9444,0.0000
3.7066,-90.8935,1.0000,1.9444,0.0000
3.7088,-90.9934,1.0000,1.9444,0.0000
3.7110,-91.0934,1.0000,1.9444,0.0000
3.7132,-91.1934,1.0000,1.9444,0.0000
3.7154,-91.2934,1.0000,1.9444,0.0000
3.7177,-91.3933,1.0000,1.9444,0.0000
3.7199,-91.4933,1.0000,1.9444,0.0000
3.7221,-91.5933,1.0000,1.9444,0.0000
3.7243,-91.6933,1.0000,1.9444,0.0000
3.7265,-91.7932,1.0000,1.9444,0.0000
3.7288,-91.8932,1.0000,1.9444,0.0000
3.7310,-91.9932,1.0000,1.9444,0.0000
3.7332,-92.0932,1.0000,1.9444,0.0000
3.7354,-92.1931,1.0000,1.9444,0.0000
3.7377,-92.2931,1.0000,1.9444,0.0000
3.7399,-92.3931,1.0000,1.9444,0.0000
3.7421,-92.4931,1.0000,1.9444,0.0000
3.7443,-92.5930,1.0000,1.9444,0.0000
3.7465,-92.6930,1.0000,1.9444,0.0000
3.7488,-92.7930,1.0000,1.9444,0.0000
3.7510,-92.8930,1.0000,1.9444,0.0000
3.7532,-92.9929,1.0000,1.9444,0.0000
3.7554,-93.0929,1.0000,1.9444,0.0000
3.7576,-93.1929,1.0000,1.9444,0.0000
3.7599,-93.2929,1.0000,1.9444,0.0000
3.7621,-93.3928,1.0000,1.9444,0.0000
3.7643,-93.4928,1.0000,1.9444,0.0000
3.7665,-93.5928,1.0000,1.9444,0.0000
3.7688,-93.6928,1.0000,1.9444,0.0000
3.7710,-93.7927,1.0000,1.9444,0.0000
3.7732,-93.8927,1.0000,1.9444,0.0000
3.7754,-93.9927,1.0000,1.9444,0.0000
3.7776,-94.0927,1.0000,1.9444,0.0000
3.7799,-94.1926,1.0000,1.9444,0.0000
3.7821,-94.2926,1.0000,1.9444,0.0000
3.7843,-94.3926,1.0000,1.9444,0.0000
3.7865,-94.4926,1.0000,1.9444,0.0000
3.7887,-94.5925,1.0000,1.9444,0.0000
3.7910,-94.6925,1.0000,1.9444,0.0000
3.7932,-94.7925,1.0000,1.9444,0.0000
3.7954,-94.8925,1.0000,1.9444,0.0000
3.7976,-94.9924,1.0000,1.9444,0.0000
3.7999,-95.0924,1.0000,1.9444,0.0000
3.8021,-95.1924,1.0000,1.9444,0.0000
3.8043,-95.2924,1.0000,1.9444,0.0000
3.8065,-95.3923,1.0000,1.9444,0.0000
3.8087,-95.4923,1.0000,1.9444,0.0000
3.8110,-95.5923,1.0000,1.9444,0.0000
3.8132,-95.6923,1.0000,1.9444,0.0000
3.8154,-95.7923,1.0000,1.9444,0.0000
3.8176,-95.8922,1.0000,1.9444,0.0000
3.8199,-95.9922,1.0000,1.9444,0.0000
3.8221,-96.0922,1.0000,1.9444,0.0000
3.8243,-96.1922,1.0000,1.9444,0.0000
3.8265,-96.2921,1.0000,1.9444,0.0000
3.8287,-96.3921,1.0000,1.9444,0.0000
3.8310,-96.4921,1.0000,1.9444,0.0000
3.8332,-96.5920,1.0000,1.9444,0.0000
3.8354,-96.6920,1.0000,1.9444,0.0000
3.8376,-96.7920,1.0000,1.9444,0.0000
3.8398,-96.8920,1.0000,1.9444,0.0000
3.8421,-96.9920,1.0000,1.9444,0.0000
3.8443,-97.0919,1.0000,1.9444,0.0000
3.8465,-97.1919,1.0000,1.9444,0.0000
3.8487,-97.2919,1.0000,1.9444,0.0000
3.8510,-97.3919,1.0000,1.9444,0.0000
3.8532,-97.4918,1.0000,1.9444,0.0000
3.8554,-97.5918,1.0000,1.9444,0.0000
3.8576,-97.6918,1.0000,1.9444,0.0000
3.8598,-97.7918,1.0000,1.9444,0.0000
3.8621,-97.8917,1.0000,1.9444,0.0000
3.8643,-97.9917,1.0000,1.9444,0.0000
3.8665,-98.0917,1.0000,1.9444,0.0000
3.8687,-98.1917,1.0000,1.9444,0.0000
3.8709,-98.2916,1.0000,1.9444,0.0000
3.8732,-98.3916,1.0000,1.9444,0.0000
3.8754,-98.4916,1.0000,1.9444,0.0000
3.8776,-98.5916,1.0000,1.9444,0.0000
3.8798,-98.6915,1.0000,1.9444,0.0000
3.8821,-98.7915,1.0000,1.9444,0.0000
3.8843,-98.8915,1.0000,1.9444,0.0000
3.8865,-98.9915,1.0000,1.9444,0.0000
3.8887,-99.0914,1.0000,1.9444,0.0000
3.8909,-99.1914,1.0000,1.9444,0.0000
3.8932,-99.2914,1.0000,1.9444,0.0000
3.8954,-99.3914,1.0000,1.9444,0.0000
3.8976,-99.4913,1.0000,1.9444,0.0000
3.8998,-99.5913,1.0000,1.9444,0.0000
3.9020,-99.6913,1.0000,1.9444,0.0000
3.9043,-99.7913,1.0000,1.9444,0.0000
3.9065,-99.8912,1.0000,1.9444,0.0000
3.9087,-99.9912,1.0000,1.9444,0.0000
3.9109,-100.0912,1.0000,1.9444,0.0000
3.9132,-100.1912,1.0000,1.9444,0.0000
3.9154,-100.2911,1.0000,1.9444,0.0000
3.9176,-100.3911,1.0000,1.9444,0.0000
3.9198,-100.4911,1.0000,1.9444,0.0000
3.9220,-100.5911,1.0000,1.9444,0.0000
3.9243,-100.6910,1.0000,1.9444,0.0000
3.9265,-100.7910,1.0000,1.9444,0.0000
3.9287,-100.8910,1.0000,1.9444,0.0000
3.9309,-100.9910,1.0000,1.9444,0.0000
3.9331,-101.0909,1.0000,1.9444,0.0000
3.9354,-101.1909,1.0000,1.9444,0.0000
3.9376,-101.2909,1.0000,1.9444,0.0000
3.9398,-101.3909,1.0000,1.9444,0.0000
3.9420,-101.4908,1.0000,1.9444,0.0000
3.9443,-101.5908,1.0000,1.9444,0.0000
3.9465,-101.6908,1.0000,1.9444,0.0000
3.9487,-101.7908,1.0000,1.9444,0.0000
3.9509,-101.8907,1.0000,1.9444,0.0000
3.9531,-101.9907,1.0000,1.9444,0.0000
3.9554,-102.0907,1.0000,1.9444,0.0000
3.9576,-102.1907,1.0000,1.9444,0.0000
3.9598,-102.2906,1.0000,1.9444,0.0000
3.9620,-102.3906,1.0000,1.9444,0.0000
3.9642,-102.4906,1.0000,1.9444,0.0000
3.9665,-102.5906,1.0000,1.9444,0.0000
3.9687,-102.6905,1.0000,1.9444,0.0000
3.9709,-102.7905,1.0000,1.9444,0.0000
3.9731,-102.8905,1.0000,1.9444,0.0000
3.9754,-102.9905,1.0000,1.9444,0.0000
3.9776,-103.0904,1.0000,1.9444,0.0000
3.9798,-103.1904,1.0000,1.9444,0.0000
3.9820,-103.2904,1.0000,1.9444,0.0000
3.9842,-103.3904,1.0000,1.9444,0.0000
3.9865,-103.4903,1.0000,1.9444,0.0000
3.9887,-103.5903,1.0000,1.9444,0.0000
3.9909,-103.6903,1.0000,1.9444,0.0000
3.9931,-103.7903,1.0000,1.9444,0.0000
3.9953,-103.8903,1.0000,1.9444,0.0000
3.9976,-103.9902,1.0000,1.9444,0.0000
3.9998,-104.0902,1.0000,1.9444,0.0000
4.0020,-104.1902,1.0000,1.9444,0.0000
4.0042,-104.2902,1.0000,1.9444,0.0000
4.0065,-104.3901,1.0000,1.9444,0.0000
4.0087,-104.4901,1.0000,1.9444,0.0000
4.0109,-104.5901,1.0000,1.9444,0.0000
4.0131,-104.6901,1.0000,1.9444,0.0000
4.0153,-104.7900,1.0000,1.9444,0.0000
4.0176,-104.8900,1.0000,1.9444,0.0000
4.0198,-104.9900,1.0000,1.9444,0.0000
4.0220,-105.0900,1.0000,1.9444,0.0000
4.0242,-105.1899,1.0000,1.9444,0.0000
4.0264,-105.2899,1.0000,1.9444,0.0000
4.0287,-105.3899,1.0000,1.9444,0.0000
4.0309,-105.4899,1.0000,1.9444,0.0000
4.0331,-105.5898,1.0000,1.9444,0.0000
4.0353,-105.6898,1.0000,1.9444,0.0000
4.0376,-105.7898,1.0000,1.9444,0.0000
4.0398,-105.8898,1.0000,1.9444,0.0000
4.0420,-105.9897,1.0000,1.9444,0.0000
4.0442,-106.0897,1.0000,1.9444,0.0000
4.0464,-106.1897,1.0000,1.9444,0.0000
4.0487,-106.2897,1.0000,1.9444,0.0000
4.0509,-106.3896,1.0000,1.9444,0.0000
4.0531,-106.4896,1.0000,1.9444,0.0000
4.0553,-106.5896,1.0000,1.9444,0.0000
4.0575,-106.6896,1.0000,1.9444,0.0000
4.0598,-106.7895,1.0000,1.9444,0.0000
4.0620,-106.8895,1.0000,1.9444,0.0000
4.0642,-106.9895,1.0000,1.9444,0.0000
4.0664,-107.0895,1.0000,1.9444,0.0000
4.0687,-107.1894,1.0000,1.9444,0.0000
4.0709,-107.2894,1.0000,1.9444,0.0000
4.0731,-107.3894,1.0000,1.9444,0.0000
4.0753,-107.4894,1.0000,1.9444,0.0000
4.0775,-107.5893,1.0000,1.9444,0.0000
4.0798,-107.6893,1.0000,1.9444,0.0000
4.0820,-107.7893,1.0000,1.9444,0.0000
4.0842,-107.8893,1.0000,1.9444,0.0000
4.0864,-107.9892,1.0000,1.9444,0.0000
4.0886,-108.0892,1.0000,1.9444,0.0000
4.0909,-108.1892,1.0000,1.9444,0.0000
4.0931,-108.2892,1.0000,1.9444,0.0000
4.0953,-108.3891,1.0000,1.9444,0.0000
4.0975,-108.4891,1.0000,1.9444,0.0000
4.0998,-108.5891,1.0000,1.9444,0.0000
4.1020,-108.6891,1.0000,1.9444,0.0000
4.1042,-108.7890,1.0000,1.9444,0.0000
4.1064,-108.8890,1.0000,1.9444,0.0000
4.1086,-108.9890,1.0000,1.9444,0.0000
4.1109,-109.0890,1.0000,1.9444,0.0000
4.1131,-109.1889,1.0000,1.9444,0.0000
4.1153,-109.2889,1.0000,1.9444,0.0000
4.1175,-109.3889,1.0000,1.9444,0.0000
4.1197,-109.4889,1.0000,1.9444,0.0000
4.1220,-109.5888,1.0000,1.9444,0.0000
4.1242,-109.6888,1.0000,1.9444,0.0000
4.1264,-109.7888,1.0000,1.9444,0.0000
4.1286,-109.8888,1.0000,1.9444,0.0000
4.1309,-109.9887,1.0000,1.9444,0.0000
4.1331,-110.0887,1.0000,1.9444,0.0000
4.1353,-110.1887,1.0000,1.9444,0.0000
4.1375,-110.2887,1.0000,1.9444,0.0000
4.1397,-110.3886,1.0000,1.9444,0.0000
4.1420,-110.4886,1.0000,1.9444,0.0000
4.1442,-110.5886,1.0000,1.9444,0.0000
4.1464,-110.6886,1.0000,1.9444,0.0000
4.1486,-110.7886,1.0000,1.9444,0.0000
4.1508,-110.8885,1.0000,1.9444,0.0000
4.1531,-110.9885,1.0000,1.9444,0.0000
4.1553,-111.0885,1.0000,1.9444,0.0000
4.1575,-111.1884,1.0000,1.9444,0.0000
4.1597,-111.2884,1.0000,1.9444,0.0000
4.1620,-111.3884,1.0000,1.9444,0.0000
4.1642,-111.4884,1.0000,1.9444,0.0000
4.1664,-111.5883,1.0000,1.9444,0.0000
4.1686,-111.6883,1.0000,1.9444,0.0000
4.1708,-111.7883,1.0000,1.9444,0.0000
4.1731,-111.8883,1.0000,1.9444,0.0000
4.1753,-111.9883,1.0000,1.9444,0.0000
4.1775,-112.0882,1.0000,1.9444,0.0000
4.1797,-112.1882,1.0000,1.9444,0.0000
4.1820,-112.2882,1.0000,1.9444,0.0000
4.1842,-112.3882,1.0000,1.9444,0.0000
4.1864,-112.4881,1.0000,1.9444,0.0000
4.1886,-112.5881,1.0000,1.9444,0.0000
4.1908,-112.6881,1.0000,1.9444,0.0000
4.1931,-112.7881,1.0000,1.9444,0.0000
4.1953,-112.8880,1.0000,1.9444,0.0000
4.1975,-112.9880,1.0000,1.9444,0.0000
4.1997,-113.0880,1.0000,1.9444,0.0000
4.2019,-113.1880,1.0000,1.9444,0.0000
4.2042,-113.2879,1.0000,1.9444,0.0000
4.2064,-113.3879,1.0000,1.9444,0.0000
4.2086,-113.4879,1.0000,1.9444,0.0000
4.2108,-113.5879,1.0000,1.9444,0.0000
4.2131,-113.6878,1.0000,1.9444,0.0000
4.2153,-113.7878,1.0000,1.9444,0.0000
4.2175,-113.8878,1.0000,1.9444,0.0000
4.2197,-113.9878,1.0000,1.9444,0.0000
4.2219,-114.0877,1.0000,1.9444,0.0000
4.2242,-114.1877,1.0000,1.9444,0.0000
4.2264,-114.2877,1.0000,1.9444,0.0000
4.2286,-114.3877,1.0000,1.9444,0.0000
4.2308,-114.4876,1.0000,1.9444,0.0000
4.2330,-114.5876,1.0000,1.9444,0.0000
4.2353,-114.6876,1.0000,1.9444,0.0000
4.2375,-114.7876,1.0000,1.9444,0.0000
4.2397,-114.8875,1.0000,1.9444,0.0000
4.2419,-114.9875,1.0000,1.9444,0.0000
4.2442,-115.0875,1.0000,1.9444,0.0000
4.2464,-115.1875,1.0000,1.9444,0.0000
4.2486,-115.2874,1.0000,1.9444,0.0000
4.2508,-115.3874,1.0000,1.9444,0.0000
4.2530,-115.4874,1.0000,1.9444,0.0000
4.2553,-115.5874,1.0000,1.9444,0.0000
4.2575,-115.6873,1.0000,1.9444,0.0000
4.2597,-115.7873,1.0000,1.9444,0.0000
4.2619,-115.8873,1.0000,1.9444,0.0000
4.2641,-115.9873,1.0000,1.9444,0.0000
4.2664,-116.0872,1.0000,1.9444,0.0000
4.2686,-116.1872,1.0000,1.9444,0.0000
4.2708,-116.2872,1.0000,1.9444,0.0000
4.2730,-116.3872,1.0000,1.9444,0.0000
4.2753,-116.4871,1.0000,1.9444,0.0000
4.2775,-116.5871,1.0000,1.9444,0.0000
4.2797,-116.6871,1.0000,1.9444,0.0000
4.2819,-116.7871,1.0000,1.9444,0.0000
4.2841,-116.8870,1.0000,1.9444,0.0000
4.2864,-116.9870,1.0000,1.9444,0.0000
4.2886,-117.0870,1.0000,1.9444,0.0000
4.2908,-117.1870,1.0000,1.9444,0.0000
4.2930,-117.2869,1.0000,1.9444,0.0000
4.2952,-117.3869,1.0000,1.9444,0.0000
4.2975,-117.4869,1.0000,1.9444,0.0000
4.2997,-117.5869,1.0000,1.9444,0.0000
4.3019,-117.6868,1.0000,1.9444,0.0000
4.3041,-117.7868,1.0000,1.9444,0.0000
4.3064,-117.8868,1.0000,1.9444,0.0000
4.3086,-117.9868,1.0000,1.9444,0.0000
4.3108,-118.0867,1.0000,1.9444,0.0000
4.3130,-118.1867,1.0000,1.9444,0.0000
4.3152,-118.2867,1.0000,1.9444,0.0000
4.3175,-118.3867,1.0000,1.9444,0.0000
4.3197,-118.4866,1.0000,1.9444,0.0000
4.3219,-118.5866,1.0000,1.9444,0.0000
4.3241,-118.6866,1.0000,1.9444,0.0000
4.3263,-118.7866,1.0000,1.9444,0.0000
4.3286,-118.8866,1.0000,1.9444,0.0000
4.3308,-118.9865,1.0000,1.9444,0.0000
4.3330,-119.0865,1.0000,1.9444,0.0000
4.3352,-119.1865,1.0000,1.9444,0.0000
4.3375,-119.2865,1.0000,1.9444,0.0000
4.3397,-119.3864,1.0000,1.9444,0.0000
4.3419,-119.4864,1.0000,1.9444,0.0000
4.3441,-119.5864,1.0000,1.9444,0.0000
4.3463,-119.6863,1.0000,1.9444,0.0000
4.3486,-119.7863,1.0000,1.9444,0.0000
4.3508,-119.8863,1.0000,1.9444,0.0000
4.3530,-119.9863,1.0000,1.9444,0.0000
4.3552,-120.0863,1.0000,1.9444,0.0000
4.3574,-120.1862,1.0000,1.9444,0.0000
4.3597,-120.2862,1.0000,1.9444,0.0000
4.3619,-120.3862,1.0000,1.9444,0.0000
4.3641,-120.4862,1.0000,1.9444,0.0000
4.3663,-120.5861,1.0000,1.9444,0.0000
4.3686,-120.6861,1.0000,1.9444,0.0000
4.3708,-120.7861,1.0000,1.9444,0.0000
4.3730,-120.8861,1.0000,1.9444,0.0000
4.3752,-120.9860,1.0000,1.9444,0.0000
4.3774,-121.0860,1.0000,1.9444,0.0000
4.3797,-121.1860,1.0000,1.9444,0.0000
4.3819,-121.2860,1.0000,1.9444,0.0000
4.3841,-121.3859,1.0000,1.9444,0.0000
4.3863,-121.4859,1.0000,1.9444,0.0000
4.3885,-121.5859,1.0000,1.9444,0.0000
4.3908,-121.6859,1.0000,1.9444,0.0000
4.3930,-121.7858,1.0000,1.9444,0.0000
4.3952,-121.8858,1.0000,1.9444,0.0000
4.3974,-121.9858,1.0000,1.9444,0.0000
4.3997,-122.0858,1.0000,1.9444,0.0000
4.4019,-122.1857,1.0000,1.9444,0.0000
4.4041,-122.2857,1.0000,1.9444,0.0000
4.4063,-122.3857,1.0000,1.9444,0.0000
4.4085,-122.4857,1.0000,1.9444,0.0000
4.4108,-122.5856,1.0000,1.9444,0.0000
4.4130,-122.6856,1.0000,1.9444,0.0000
4.4152,-122.7856,1.0000,1.9444,0.0000
4.4174,-122.8856,1.0000,1.9444,0.0000
4.4196,-122.9855,1.0000,1.9444,0.0000
4.4219,-123.0855,1.0000,1.9444,0.0000
4.4241,-123.1855,1.0000,1.9444,0.0000
4.4263,-123.2855,1.0000,1.9444,0.0000
4.4285,-123.3854,1.0000,1.9444,0.0000
4.4308,-123.4854,1.0000,1.9444,0.0000
4.4330,-123.5854,1.0000,1.9444,0.0000
4.4352,-123.6854,1.0000,1.9444,0.0000
4.4374,-123.7853,1.0000,1.9444,0.0000
4.4396,-123.8853,1.0000,1.9444,0.0000
4.4419,-123.9853,1.0000,1.9444,0.0000
4.4441,-124.0853,1.0000,1.9444,0.0000
4.4463,-124.1852,1.0000,1.9444,0.0000
4.4485,-124.2852,1.0000,1.9444,0.0000
4.4507,-124.3852,1.0000,1.9444,0.0000
4.4530,-124.4852,1.0000,1.9444,0.0000
4.4552,-124.5851,1.0000,1.9444,0.0000
4.4574,-124.6851,1.0000,1.9444,0.0000
4.4596,-124.7851,1.0000,1.9444,0.0000
4.4619,-124.8851,1.0000,1.9444,0.0000
4.4641,-124.9850,1.0000,1.9444,0.0000
4.4663,-125.0850,1.0000,1.9444,0.0000
4.4685,-125.1850,1.0000,1.9444,0.0000
4.4707,-125.2850,1.0000,1.9444,0.0000
4.4730,-125.3849,1.0000,1.9444,0.0000
4.4752,-125.4849,1.0000,1.9444,0.0000
4.4774,-125.5849,1.0000,1.9444,0.0000
4.4796,-125.6849,1.0000,1.9444,0.0000
4.4818,-125.7848,1.0000,1.9444,0.0000
4.4841,-125.8848,1.0000,1.9444,0.0000
4.4863,-125.9848,1.0000,1.9444,0.0000
4.4885,-126.0848,1.0000,1.9444,0.0000
4.4907,-126.1847,1.0000,1.9444,0.0000
4.4930,-126.2847,1.0000,1.9444,0.0000
4.4952,-126.3847,1.0000,1.9444,0.0000
4.4974,-126.4847,1.0000,1.9444,0.0000
4.4996,-126.5846,1.0000,1.9444,0.0000
4.5018,-126.6846,1.0000,1.9444,0.0000
4.5041,-126.7846,1.0000,1.9444,0.0000
4.5063,-126.8846,1.0000,1.9444,0.0000
4.5085,-126.9846,1.0000,1.9444,0.0000
4.5107,-127.0845,1.0000,1.9444,0.0000
4.5129,-127.1845,1.0000,1.9444,0.0000
4.5152,-127.2845,1.0000,1.9444,0.0000
4.5174,-127.3845,1.0000,1.9444,0.0000
4.5196,-127.4844,1.0000,1.9444,0.0000
4.5218,-127.5844,1.0000,1.9444,0.0000
4.5241,-127.6844,1.0000,1.9444,0.0000
4.5263,-127.7844,1.0000,1.9444,0.0000
4.5285,-127.8843,1.0000,1.9444,0.0000
4.5307,-127.9843,1.0000,1.9444,0.0000
4.5329,-128.0843,1.0000,1.9444,0.0000
4.5352,-128.1842,1.0000,1.9444,0.0000
4.5374,-128.2842,1.0000,1.9444,0.0000
4.5396,-128.3842,1.0000,1.9444,0.0000
4.5418,-128.4842,1.0000,1.9444,0.0000
4.5441,-128.5842,1.0000,1.9444,0.0000
4.5463,-128.6841,1.0000,1.9444,0.0000
4.5485,-128.7841,1.0000,1.9444,0.0000
4.5507,-128.8841,1.0000,1.9444,0.0000
4.5529,-128.9841,1.0000,1.9444,0.0000
4.5552,-129.0840,1.0000,1.9444,0.0000
4.5574,-129.1840,1.0000,1.9444,0.0000
4.5596,-129.2840,1.0000,1.9444,0.0000
4.5618,-129.3840,1.0000,1.9444,0.0000
4.5640,-129.4839,1.0000,1.9444,0.0000
4.5663,-129.5839,1.0000,1.9444,0.0000
4.5685,-129.6839,1.0000,1.9444,0.0000
4.5707,-129.7839,1.0000,1.9444,0.0000
4.5729,-129.8838,1.0000,1.9444,0.0000
4.5752,-129.9838,1.0000,1.9444,0.0000
4.5774,-130.0838,1.0000,1.9444,0.0000
4.5796,-130.1838,1.0000,1.9444,0.0000
4.5818,-130.2837,1.0000,1.9444,0.0000
4.5840,-130.3837,1.0000,1.9444,0.0000
4.5863,-130.4837,1.0000,1.9444,0.0000
4.5885,-130.5837,1.0000,1.9444,0.0000
4.5907,-130.6836,1.0000,1.9444,0.0000
4.5929,-130.7836,1.0000,1.9444,0.0000
4.5951,-130.8836,1.0000,1.9444,0.0000
4.5974,-130.9836,1.0000,1.9444,0.0000
4.5996,-131.0835,1.0000,1.9444,0.0000
4.6018,-131.1835,1.0000,1.9444,0.0000
4.6040,-131.2835,1.0000,1.9444,0.0000
4.6063,-131.3835,1.0000,1.9444,0.0000
4.6085,-131.4834,1.0000,1.9444,0.0000
4.6107,-131.5834,1.0000,1.9444,0.0000
4.6129,-131.6834,1.0000,1.9444,0.0000
4.6151,-131.7834,1.0000,1.9444,0.0000
4.6174,-131.8833,1.0000,1.9444,0.0000
4.6196,-131.9833,1.0000,1.9444,0.0000
4.6218,-132.0833,1.0000,1.9444,0.0000
4.6240,-132.1833,1.0000,1.9444,0.0000
4.6262,-132.2832,1.0000,1.9444,0.0000
4.6285,-132.3832,1.0000,1.9444,0.0000
4.6307,-132.4832,1.0000,1.9444,0.0000
4.6329,-132.5832,1.0000,1.9444,0.0000
4.6351,-132.6831,1.0000,1.9444,0.0000
4.6374,-132.7831,1.0000,1.9444,0.0000
4.6396,-132.8831,1.0000,1.9444,0.0000
4.6418,-132.9831,1.0000,1.9444,0.0000
4.6440,-133.0830,1.0000,1.9444,0.0000
4.6462,-133.1830,1.0000,1.9444,0.0000
4.6485,-133.2830,1.0000,1.9444,0.0000
4.6507,-133.3830,1.0000,1.9444,0.0000
4.6529,-133.4829,1.0000,1.9444,0.0000
4.6551,-133.5829,1.0000,1.9444,0.0000
4.6573,-133.6829,1.0000,1.9444,0.0000
4.6596,-133.7829,1.0000,1.9444,0.0000
4.6618,-133.8828,1.0000,1.9444,0.0000
4.6640,-133.9828,1.0000,1.9444,0.0000
4.6662,-134.0828,1.0000,1.9444,0.0000
4.6685,-134.1828,1.0000,1.9444,0.0000
4.6707,-134.2827,1.0000,1.9444,0.0000
4.6729,-134.3827,1.0000,1.9444,0.0000
4.6751,-134.4827,1.0000,1.9444,0.0000
4.6773,-134.5827,1.0000,1.9444,0.0000
4.6796,-134.6826,1.0000,1.9444,0.0000
4.6818,-134.7826,1.0000,1.9444,0.0000
4.6840,-134.8826,1.0000,1.9444,0.0000
4.6862,-134.9826,1.0000,1.9444,0.0000
4.6884,-135.0826,1.0000,1.9444,0.0000
4.6907,-135.1825,1.0000,1.9444,0.0000
4.6929,-135.2825,1.0000,1.9444,0.0000
4.6951,-135.3825,1.0000,1.9444,0.0000
4.6973,-135.4825,1.0000,1.9444,0.0000
4.6996,-135.5824,1.0000,1.9444,0.0000
4.7018,-135.6824,1.0000,1.9444,0.0000
4.7040,-135.7824,1.0000,1.9444,0.0000
4.7062,-135.8824,1.0000,1.9444,0.0000
4.7084,-135.9823,1.0000,1.9444,0.0000
4.7107,-136.0823,1.0000,1.9444,0.0000
4.7129,-136.1823,1.0000,1.9444,0.0000
4.7151,-136.2823,1.0000,1.9444,0.0000
4.7173,-136.3822,1.0000,1.9444,0.0000
4.7195,-136.4822,1.0000,1.9444,0.0000
4.7218,-136.5822,1.0000,1.9444,0.0000
4.7240,-136.6822,1.0000,1.9444,0.0000
4.7262,-136.7821,1.0000,1.9444,0.0000
4.7284,-136.8821,1.0000,1.9444,0.0000
4.7307,-136.9821,1.0000,1.9444,0.0000
4.7329,-137.0821,1.0000,1.9444,0.0000
4.7351,-137.1820,1.0000,1.9444,0.0000
4.7373,-137.2820,1.0000,1.9444,0.0000
4.7395,-137.3820,1.0000,1.9444,0.0000
4.7418,-137.4820,1.0000,1.9444,0.0000
4.7440,-137.5819,1.0000,1.9444,0.0000
4.7462,-137.6819,1.0000,1.9444,0.0000
4.7484,-137.7819,1.0000,1.9444,0.0000
4.7506,-137.8819,1.0000,1.9444,0.0001
4.7529,-137.9818,1.0000,1.9444,0.0001
4.7551,-138.0818,1.0000,1.9444,0.0001
4.7573,-138.1818,1.0000,1.9444,0.0001
4.7595,-138.2818,1.0000,1.9444,0.0002
4.7618,-138.3817,1.0000,1.9444,0.0002
4.7640,-138.4817,1.0000,1.9444,0.0002
4.7662,-138.5817,1.0000,1.9444,0.0002
4.7684,-138.6817,1.0000,1.9444,0.0002
4.7706,-138.7816,1.0000,1.9444,0.0003
4.7729,-138.8816,1.0000,1.9444,0.0003
4.7751,-138.9816,1.0000,1.9444,0.0003
4.7773,-139.0816,1.0000,1.9444,0.0003
4.7795,-139.1815,1.0000,1.9444,0.0003
4.7817,-139.2815,1.0000,1.9444,0.0003
4.7840,-139.3815,1.0000,1.9444,0.0003
4.7862,-139.4815,1.0000,1.9444,0.0003
4.7884,-139.5814,1.0000,1.9444,0.0003
4.7906,-139.6814,1.0000,1.9444,0.0003
4.7929,-139.7814,1.0000,1.9444,0.0003
4.7951,-139.8814,1.0000,1.9444,0.0003
4.7973,-139.9813,1.0000,1.9444,0.0003
4.7995,-140.0813,1.0000,1.9444,0.0003
4.8018,-140.1813,1.0000,1.9444,0.0003
4.8040,-140.2813,1.0000,1.9444,0.0003
4.8062,-140.3812,1.0000,1.9444,0.0003
4.8084,-140.4812,1.0000,1.9444,0.0003
4.8106,-140.5812,1.0000,1.9444,0.0003
4.8128,-140.6812,1.0000,1.9444,0.0003
4.8150,-140.7811,1.0000,1.9444,0.0003
4.8171,-140.8811,1.0000,1.9444,0.0003
4.8192,-140.9811,1.0000,1.9444,0.0003
4.8213,-141.0811,1.0000,1.9444,0.0003
4.8234,-141.1811,1.0000,1.9444,0.0003
4.8255,-141.2810,1.0000,1.9444,0.0003
4.8276,-141.3810,1.0000,1.9444,0.0003
4.8296,-141.4810,1.0000,1.9444,0.0003
4.8317,-141.5810,1.0000,1.9444,0.0003
4.8338,-141.6810,1.0000,1.9444,0.0003
4.8359,-141.7809,1.0000,1.9444,0.0003
4.8379,-141.8809,1.0000,1.9444,0.0003
4.8400,-141.9809,1.0000,1.9444,0.0003
4.8421,-142.0809,1.0000,1.9444,0.0003
4.8442,-142.1808,1.0000,1.9444,0.0003
4.8462,-142.2808,1.0000,1.9444,0.0003
4.8483,-142.3808,1.0000,1.9444,0.0003
4.8504,-142.4808,1.0000,1.9444,0.0003
4.8525,-142.5807,1.0000,1.9444,0.0003
4.8546,-142.6807,1.0000,1.9444,0.0003
4.8566,-142.7807,1.0000,1.9444,0.0003
4.8587,-142.8807,1.0000,1.9444,0.0002
4.8608,-142.9807,1.0000,1.9444,0.0002
4.8629,-143.0806,1.0000,1.9444,0.0002
4.8649,-143.1806,1.0000,1.9444,0.0002
4.8670,-143.2806,1.0000,1.9444,0.0002
4.8691,-143.3806,1.0000,1.9444,0.0001
4.8712,-143.4806,1.0000,1.9444,0.0001
4.8732,-143.5805,1.0000,1.9444,0.0001
4.8753,-143.6805,1.0000,1.9444,0.0001
4.8774,-143.7805,1.0000,1.9444,0.0000
4.8795,-143.8805,1.0000,1.9444,0.0000
4.8816,-143.9805,1.0000,1.9444,0.0000
4.8836,-144.0804,1.0000,1.9444,0.0000
4.8857,-144.1804,1.0000,1.9444,0.0000
4.8878,-144.2804,1.0000,1.9444,0.0000
4.8899,-144.3804,1.0000,1.9444,0.0000
4.8919,-144.4803,1.0000,1.9444,0.0000
4.8940,-144.5803,1.0000,1.9444,0.0000
4.8961,-144.6803,1.0000,1.9444,0.0000
4.8982,-144.7803,1.0000,1.9444,0.0000
4.9003,-144.8803,1.0000,1.9444,0.0000
4.9023,-144.9802,1.0000,1.9444,0.0000
4.9044,-145.0802,1.0000,1.9444,0.0000
4.9065,-145.1802,1.0000,1.9444,0.0000
4.9086,-145.2802,1.0000,1.9444,0.0000
4.9106,-145.3802,1.0000,1.9444,0.0000
4.9127,-145.4801,1.0000,1.9444,0.0000
4.9148,-145.5801,1.0000,1.9444,0.0000
4.9169,-145.6801,1.0000,1.9444,0.0001
4.9189,-145.7801,1.0000,1.9444,0.0001
4.9210,-145.8801,1.0000,1.9444,0.0002
4.9231,-145.9800,1.0000,1.9444,0.0002
4.9252,-146.0800,1.0000,1.9444,0.0003
4.9273,-146.1800,1.0000,1.9444,0.0004
4.9293,-146.2800,1.0000,1.9444,0.0005
4.9314,-146.3799,1.0000,1.9444,0.0006
4.9335,-146.4799,1.0000,1.9444,0.0007
4.9356,-146.5799,1.0000,1.9444,0.0008
4.9376,-146.6799,1.0000,1.9444,0.0009
4.9397,-146.7798,1.0000,1.9444,0.0010
4.9418,-146.8798,1.0000,1.9444,0.0011
4.9439,-146.9798,1.0000,1.9444,0.0011
4.9460,-147.0798,1.0000,1.9444,0.0012
4.9480,-147.1798,1.0000,1.9444,0.0012
4.9501,-147.2797,1.0000,1.9444,0.0012
4.9522,-147.3797,1.0000,1.9444,0.0012
4.9543,-147.4797,1.0000,1.9444,0.0012
4.9563,-147.5797,1.0000,1.9444,0.0012
4.9584,-147.6797,1.0000,1.9444,0.0012
4.9605,-147.7796,1.0000,1.9444,0.0012
4.9626,-147.8796,1.0000,1.9444,0.0012
4.9646,-147.9796,1.0000,1.9444,0.0012
4.9667,-148.0796,1.0000,1.9444,0.0012
4.9688,-148.1796,1.0000,1.9444,0.0012
4.9709,-148.2795,1.0000,1.9444,0.0012
4.9730,-148.3795,1.0000,1.9444,0.0012
4.9751,-148.4795,1.0000,1.9444,0.0012
4.9772,-148.5795,1.0000,1.9444,0.0012
4.9792,-148.6794,1.0000,1.9444,0.0012
4.9812,-148.7794,1.0000,1.9444,0.0012
4.9831,-148.8794,1.0000,1.9444,0.0012
4.9848,-148.9794,1.0000,1.9444,0.0012
4.9865,-149.0794,1.0000,1.9444,0.0012
4.9881,-149.1794,1.0000,1.9444,0.0012
4.9896,-149.2793,1.0000,1.9444,0.0012
4.9911,-149.3793,1.0000,1.9444,0.0012
4.9925,-149.4793,1.0000,1.9444,0.0012
4.9939,-149.5793,1.0000,1.9444,0.0012
4.9954,-149.6793,1.0000,1.9444,0.0012
4.9968,-149.7793,1.0000,1.9444,0.0012
4.9983,-149.8793,1.0000,1.9444,0.0012
4.9998,-149.9793,1.0000,1.9444,0.0012
5.0012,-150.0793,1.0000,1.9444,0.0012
5.0027,-150.1793,1.0000,1.9444,0.0012
5.0042,-150.2792,1.0000,1.9444,0.0012
5.0056,-150.3792,1.0000,1.9444,0.0012
5.0071,-150.4792,1.0000,1.9444,0.0012
5.0086,-150.5792,1.0000,1.9444,0.0012
5.0100,-150.6792,1.0000,1.9444,0.0012
5.0115,-150.7792,1.0000,1.9444,0.0012
5.0130,-150.8792,1.0000,1.9444,0.0011
5.0144,-150.9792,1.0000,1.9444,0.0011
5.0159,-151.0792,1.0000,1.9444,0.0010
5.0173,-151.1792,1.0000,1.9444,0.0009
5.0188,-151.2791,1.0000,1.9444,0.0008
5.0203,-151.3791,1.0000,1.9444,0.0007
5.0217,-151.4791,1.0000,1.9444,0.0006
5.0232,-151.5791,1.0000,1.9444,0.0005
5.0247,-151.6791,1.0000,1.9444,0.0004
5.0261,-151.7791,1.0000,1.9444,0.0003
5.0276,-151.8791,1.0000,1.9444,0.0002
5.0291,-151.9791,1.0000,1.9444,0.0002
5.0305,-152.0791,1.0000,1.9444,0.0001
5.0320,-152.1790,1.0000,1.9444,0.0001
5.0335,-152.2790,1.0000,1.9444,0.0000
5.0349,-152.3790,1.0000,1.9444,0.0000
5.0364,-152.4790,1.0000,1.9444,0.0000
5.0379,-152.5790,1.0000,1.9444,0.0000
5.0393,-152.6790,1.0000,1.9444,0.0000
5.0408,-152.7790,1.0000,1.9444,0.0000
5.0423,-152.8790,1.0000,1.9444,0.0000
5.0437,-152.9790,1.0000,1.9444,0.0000
5.0452,-153.0789,1.0000,1.9444,0.0000
5.0466,-153.1789,1.0000,1.9444,0.0000
5.0481,-153.2789,1.0000,1.9444,0.0000
5.0496,-153.3789,1.0000,1.9444,0.0000
5.0510,-153.4789,1.0000,1.9444,0.0000
5.0525,-153.5789,1.0000,1.9444,0.0000
5.0540,-153.6789,1.0000,1.9444,0.0000
5.0554,-153.7789,1.0000,1.9444,0.0000
5.0569,-153.8789,1.0000,1.9444,0.0000
5.0584,-153.9789,1.0000,1.9444,0.0000
5.0598,-154.0788,1.0000,1.9444,0.0000
5.0613,-154.1788,1.0000,1.9444,0.0000
5.0628,-154.2788,1.0000,1.9444,0.0000
5.0642,-154.3788,1.0000,1.9444,0.0000
5.0657,-154.4788,1.0000,1.9444,0.0000
5.0672,-154.5788,1.0000,1.9444,0.0000
5.0686,-154.6788,1.0000,1.9444,0.0000
5.0701,-154.7788,1.0000,1.9444,0.0000
5.0715,-154.8788,1.0000,1.9444,0.0000
5.0730,-154.9787,1.0000,1.9444,0.0000
5.0745,-155.0787,1.0000,1.9444,0.0000
5.0759,-155.1787,1.0000,1.9444,0.0000
5.0774,-155.2787,1.0000,1.9444,0.0000
5.0789,-155.3787,1.0000,1.9444,0.0000
5.0803,-155.4787,1.0000,1.9444,0.0000
5.0818,-155.5787,1.0000,1.9444,0.0000
5.0833,-155.6787,1.0000,1.9444,0.0000
5.0847,-155.7787,1.0000,1.9444,0.0000
5.0862,-155.8786,1.0000,1.9444,0.0000
5.0877,-155.9786,1.0000,1.9444,0.0000
5.0891,-156.0786,1.0000,1.9444,0.0000
5.0906,-156.1786,1.0000,1.9444,0.0000
5.0921,-156.2786,1.0000,1.9444,0.0000
5.0935,-156.3786,1.0000,1.9444,0.0000
5.0950,-156.4786,1.0000,1.9444,0.0000
5.0965,-156.5786,1.0000,1.9444,0.0000
5.0979,-156.6786,1.0000,1.9444,0.0000
5.0994,-156.7785,1.0000,1.9444,0.0000
5.1008,-156.8785,1.0000,1.9444,0.0000
5.1023,-156.9785,1.0000,1.9444,0.0000
5.1038,-157.0785,1.0000,1.9444,0.0000
5.1052,-157.1785,1.0000,1.9444,0.0000
5.1067,-157.2785,1.0000,1.9444,0.0000
5.1082,-157.3785,1.0000,1.9444,0.0000
5.1096,-157.4785,1.0000,1.9444,0.0000
5.1111,-157.5785,1.0000,1.9444,0.0000
5.1126,-157.6785,1.0000,1.9444,0.0000
5.1140,-157.7784,1.0000,1.9444,0.0000
5.1155,-157.8784,1.0000,1.9444,0.0000
5.1170,-157.9784,1.0000,1.9444,0.0000
5.1184,-158.0784,1.0000,1.9444,0.0000
5.1199,-158.1784,1.0000,1.9444,0.0000
5.1214,-158.2784,1.0000,1.9444,0.0000
5.1228,-158.3784,1.0000,1.9444,0.0000
5.1243,-158.4784,1.0000,1.9444,0.0000
5.1257,-158.5784,1.0000,1.9444,0.0000
5.1272,-158.6783,1.0000,1.9444,0.0000
5.1287,-158.7783,1.0000,1.9444,0.0000
5.1301,-158.8783,1.0000,1.9444,0.0000
5.1316,-158.9783,1.0000,1.9444,0.0000
5.1331,-159.0783,1.0000,1.9444,0.0000
5.1345,-159.1783,1.0000,1.9444,0.0000
5.1360,-159.2783,1.0000,1.9444,0.0000
5.1375,-159.3783,1.0000,1.9444,0.0000
5.1389,-159.4783,1.0000,1.9444,0.0000
5.1404,-159.5782,1.0000,1.9444,0.0000
5.1419,-159.6782,1.0000,1.9444,0.0000
5.1433,-159.7782,1.0000,1.9444,0.0000
5.1448,-159.8782,1.0000,1.9444,0.0000
5.1463,-159.9782,1.0000,1.9444,0.0000
5.1477,-160.0782,1.0000,1.9444,0.0000
5.1492,-160.1782,1.0000,1.9444,0.0000
5.1507,-160.2782,1.0000,1.9444,0.0000
5.1521,-160.3782,1.0000,1.9444,0.0000
5.1536,-160.4781,1.0000,1.9444,0.0000
5.1550,-160.5781,1.0000,1.9444,0.0000
5.1565,-160.6781,1.0000,1.9444,0.0000
5.1580,-160.7781,1.0000,1.9444,0.0000
5.1594,-160.8781,1.0000,1.9444,0.0000
5.1609,-160.9781,1.0000,1.9444,0.0000
5.1624,-161.0781,1.0000,1.9444,0.0000
5.1638,-161.1781,1.0000,1.9444,0.0000
5.1653,-161.2781,1.0000,1.9444,0.0000
5.1668,-161.3781,1.0000,1.9444,0.0000
5.1682,-161.4780,1.0000,1.9444,0.0000
5.1697,-161.5780,1.0000,1.9444,0.0000
5.1712,-161.6780,1.0000,1.9444,0.0000
5.1726,-161.7780,1.0000,1.9444,0.0000
5.1741,-161.8780,1.0000,1.9444,0.0000
5.1756,-161.9780,1.0000,1.9444,0.0000
5.1770,-162.0780,1.0000,1.9444,0.0001
5.1785,-162.1780,1.0000,1.9444,0.0001
5.1799,-162.2780,1.0000,1.9444,0.0001
5.1814,-162.3779,1.0000,1.9444,0.0002
5.1829,-162.4779,1.0000,1.9444,0.0004
5.1843,-162.5779,1.0000,1.9444,0.0007
5.1858,-162.6779,1.0000,1.9444,0.0010
5.1873,-162.7779,1.0000,1.9444,0.0014
5.1887,-162.8779,1.0000,1.9444,0.0019
5.1902,-162.9779,1.0000,1.9444,0.0024
5.1917,-163.0779,1.0000,1.9444,0.0029
5.1931,-163.1779,1.0000,1.9444,0.0033
5.1946,-163.2778,1.0000,1.9444,0.0037
5.1961,-163.3778,1.0000,1.9444,0.0038
5.1975,-163.4778,1.0000,1.9444,0.0039
5.1990,-163.5778,1.0000,1.9444,0.0041
5.2005,-163.6778,1.0000,1.9444,0.0045
5.2019,-163.7778,1.0000,1.9444,0.0051
5.2034,-163.8778,1.0000,1.9444,0.0058
5.2049,-163.9778,1.0000,1.9444,0.0066
5.2063,-164.0778,1.0000,1.9444,0.0074
5.2078,-164.1777,1.0000,1.9444,0.0082
5.2092,-164.2777,1.0000,1.9444,0.0089
5.2107,-164.3777,1.0000,1.9444,0.0095
5.2122,-164.4777,1.0000,1.9444,0.0100
5.2136,-164.5777,1.0000,1.9444,0.0103
5.2151,-164.6777,1.0000,1.9444,0.0106
5.2166,-164.7777,1.0000,1.9444,0.0107
5.2180,-164.8777,1.0000,1.9444,0.0108
5.2195,-164.9777,1.0000,1.9444,0.0108
5.2210,-165.0777,1.0000,1.9444,0.0108
5.2225,-165.1776,1.0000,1.9444,0.0109
5.2244,-165.2776,1.0000,1.9444,0.0109
5.2262,-165.3776,1.0000,1.9444,0.0109
5.2279,-165.4776,1.0000,1.9444,0.0109
5.2290,-165.5776,1.0000,1.9444,0.0109
5.2295,-165.6776,1.0000,1.9444,0.0109
5.2288,-165.7776,1.0000,1.9444,0.0109
5.2270,-165.8776,1.0000,1.9444,0.0109
5.2248,-165.9775,1.0000,1.9444,0.0109
5.2224,-166.0775,1.0000,1.9444,0.0109
5.2203,-166.1775,1.0000,1.9444,0.0109
5.2186,-166.2775,1.0000,1.9444,0.0109
5.2176,-166.3775,1.0000,1.9444,0.0109
5.2176,-166.4775,1.0000,1.9444,0.0109
5.2188,-166.5775,1.0000,1.9444,0.0109
5.2212,-166.6774,1.0000,1.9444,0.0109
5.2244,-166.7774,1.0000,1.9444,0.0109
5.2281,-166.8773,1.0000,1.9444,0.0109
5.2320,-166.9772,1.0000,1.9444,0.0109
5.2356,-167.0772,1.0000,1.9444,0.0109
5.2387,-167.1771,1.0000,1.9444,0.0109
5.2416,-167.2771,1.0000,1.9444,0.0109
5.2447,-167.3770,1.0000,1.9444,0.0108
5.2478,-167.4770,1.0000,1.9444,0.0107
5.2508,-167.5769,1.0000,1.9444,0.0105
5.2539,-167.6769,1.0000,1.9444,0.0103
5.2570,-167.7768,1.0000,1.9444,0.0099
5.2601,-167.8768,1.0000,1.9444,0.0095
5.2632,-167.9767,1.0000,1.9444,0.0091
5.2662,-168.0767,1.0000,1.9444,0.0086
5.2693,-168.1767,1.0000,1.9444,0.0081
5.2724,-168.2766,1.0000,1.9444,0.0076
5.2755,-168.3766,1.0000,1.9444,0.0073
5.2786,-168.4765,1.0000,1.9444,0.0071
5.2817,-168.5765,1.0000,1.9444,0.0071
5.2847,-168.6764,1.0000,1.9444,0.0069
5.2878,-168.7764,1.0000,1.9444,0.0065
5.2909,-168.8763,1.0000,1.9444,0.0059
5.2940,-168.9763,1.0000,1.9444,0.0052
5.2971,-169.0762,1.0000,1.9444,0.0044
5.3001,-169.1762,1.0000,1.9444,0.0036
5.3032,-169.2761,1.0000,1.9444,0.0028
5.3063,-169.3761,1.0000,1.9444,0.0020
5.3094,-169.4760,1.0000,1.9444,0.0014
5.3125,-169.5760,1.0000,1.9444,0.0010
5.3155,-169.6759,1.0000,1.9444,0.0006
5.3186,-169.7759,1.0000,1.9444,0.0004
5.3217,-169.8758,1.0000,1.9444,0.0002
5.3248,-169.9758,1.0000,1.9444,0.0002
5.3279,-170.0757,1.0000,1.9444,0.0001
5.3310,-170.1757,1.0000,1.9444,0.0001
5.3340,-170.2757,1.0000,1.9444,0.0001
5.3371,-170.3756,1.0000,1.9444,0.0001
5.3402,-170.4756,1.0000,1.9444,0.0000
5.3433,-170.5755,1.0000,1.9444,0.0000
5.3464,-170.6755,1.0000,1.9444,0.0000
5.3494,-170.7754,1.0000,1.9444,0.0000
5.3525,-170.8754,1.0000,1.9444,0.0000
5.3556,-170.9753,1.0000,1.9444,0.0000
5.3587,-171.0753,1.0000,1.9444,0.0000
5.3618,-171.1752,1.0000,1.9444,0.0000
5.3648,-171.2752,1.0000,1.9444,0.0000
5.3679,-171.3751,1.0000,1.9444,0.0000
5.3710,-171.4751,1.0000,1.9444,0.0000
5.3741,-171.5750,1.0000,1.9444,0.0000
5.3772,-171.6750,1.0000,1.9444,0.0000
5.3803,-171.7749,1.0000,1.9444,0.0000
5.3833,-171.8749,1.0000,1.9444,0.0000
5.3864,-171.9748,1.0000,1.9444,0.0000
5.3895,-172.0748,1.0000,1.9444,0.0000
5.3926,-172.1747,1.0000,1.9444,0.0000
5.3957,-172.2747,1.0000,1.9444,0.0000
5.3987,-172.3746,1.0000,1.9444,0.0000
5.4018,-172.4746,1.0000,1.9444,0.0000
5.4049,-172.5746,1.0000,1.9444,0.0000
5.4080,-172.6745,1.0000,1.9444,0.0000
5.4111,-172.7745,1.0000,1.9444,0.0000
5.4141,-172.8744,1.0000,1.9444,0.0000
5.4172,-172.9744,1.0000,1.9444,0.0000
5.4203,-173.0743,1.0000,1.9444,0.0000
5.4234,-173.1743,1.0000,1.9444,0.0000
5.4265,-173.2742,1.0000,1.9444,0.0000
5.4296,-173.3742,1.0000,1.9444,0.0000
5.4326,-173.4741,1.0000,1.9444,0.0000
5.4357,-173.5741,1.0000,1.9444,0.0000
5.4388,-173.6740,1.0000,1.9444,0.0000
5.4419,-173.7740,1.0000,1.9444,0.0000
5.4450,-173.8739,1.0000,1.9444,0.0000
5.4480,-173.9739,1.0000,1.9444,0.0000
5.4511,-174.0739,1.0000,1.9444,0.0000
5.4542,-174.1738,1.0000,1.9444,0.0000
5.4573,-174.2738,1.0000,1.9444,0.0000
5.4604,-174.3737,1.0000,1.9444,0.0000
5.4634,-174.4737,1.0000,1.9444,0.0000
5.4665,-174.5736,1.0000,1.9444,0.0000
5.4696,-174.6736,1.0000,1.9444,0.0000
5.4727,-174.7735,1.0000,1.9444,0.0000
5.4758,-174.8735,1.0000,1.9444,0.0000
5.4789,-174.9734,1.0000,1.9444,0.0000
5.4819,-175.0734,1.0000,1.9444,0.0000
5.4850,-175.1733,1.0000,1.9444,0.0000
5.4881,-175.2733,1.0000,1.9444,0.0000
5.4912,-175.3732,1.0000,1.9444,0.0000
5.4943,-175.4732,1.0000,1.9444,0.0000
5.4973,-175.5731,1.0000,1.9444,0.0000
5.5004,-175.6731,1.0000,1.9444,0.0000
5.5035,-175.7730,1.0000,1.9444,0.0000
5.5066,-175.8730,1.0000,1.9444,0.0000
5.5097,-175.9729,1.0000,1.9444,0.0000
5.5127,-176.0729,1.0000,1.9444,0.0000
5.5158,-176.1729,1.0000,1.9444,0.0000
5.5189,-176.2728,1.0000,1.9444,0.0000
5.5220,-176.3728,1.0000,1.9444,0.0001
5.5251,-176.4727,1.0000,1.9444,0.0001
5.5282,-176.5727,1.0000,1.9444,0.0001
5.5312,-176.6726,1.0000,1.9444,0.0001
5.5343,-176.7726,1.0000,1.9444,0.0001
5.5374,-176.8725,1.0000,1.9444,0.0001
5.5405,-176.9725,1.0000,1.9444,0.0001
5.5436,-177.0724,1.0000,1.9444,0.0002
5.5466,-177.1724,1.0000,1.9444,0.0002
5.5497,-177.2723,1.0000,1.9444,0.0003
5.5528,-177.3723,1.0000,1.9444,0.0004
5.5559,-177.4722,1.0000,1.9444,0.0005
5.5590,-177.5722,1.0000,1.9444,0.0006
5.5620,-177.6721,1.0000,1.9444,0.0006
5.5651,-177.7721,1.0000,1.9444,0.0007
5.5682,-177.8720,1.0000,1.9444,0.0008
5.5713,-177.9720,1.0000,1.9444,0.0009
5.5744,-178.0719,1.0000,1.9444,0.0009
5.5775,-178.1719,1.0000,1.9444,0.0010
5.5805,-178.2719,1.0000,1.9444,0.0010
5.5836,-178.3718,1.0000,1.9444,0.0010
5.5867,-178.4718,1.0000,1.9444,0.0010
5.5898,-178.5717,1.0000,1.9444,0.0010
5.5929,-178.6717,1.0000,1.9444,0.0010
5.5959,-178.7716,1.0000,1.9444,0.0010
5.5990,-178.8716,1.0000,1.9444,0.0010
5.6021,-178.9715,1.0000,1.9444,0.0010
5.6052,-179.0715,1.0000,1.9444,0.0010
5.6082,-179.1714,1.0000,1.9444,0.0010
5.6113,-179.2714,1.0000,1.9444,0.0010
5.6145,-179.3713,1.0000,1.9444,0.0010
5.6177,-179.4713,1.0000,1.9444,0.0010
5.6209,-179.5712,1.0000,1.9444,0.0010
5.6241,-179.6712,1.0000,1.9444,0.0010
5.6273,-179.7711,1.0000,1.9444,0.0010
5.6304,-179.8711,1.0000,1.9444,0.0010
5.6335,-179.9710,1.0000,1.9444,0.0010
5.6364,-180.0710,1.0000,1.9444,0.0010
5.6393,-180.1709,1.0000,1.9444,0.0010
5.6420,-180.2709,1.0000,1.9444,0.0010
5.6447,-180.3709,1.0000,1.9444,0.0010
5.6473,-180.4708,1.0000,1.9444,0.0010
5.6498,-180.5708,1.0000,1.9444,0.0010
5.6524,-180.6708,1.0000,1.9444,0.0010
5.6551,-180.7707,1.0000,1.9444,0.0010
5.6577,-180.8707,1.0000,1.9444,0.0010
5.6604,-180.9707,1.0000,1.9444,0.0010
5.6630,-181.0706,1.0000,1.9444,0.0010
5.6656,-181.1706,1.0000,1.9444,0.0010
5.6683,-181.2706,1.0000,1.9444,0.0010
5.6709,-181.3705,1.0000,1.9444,0.0010
5.6736,-181.4705,1.0000,1.9444,0.0010
5.6762,-181.5705,1.0000,1.9444,0.0010
5.6788,-181.6704,1.0000,1.9444,0.0010
5.6815,-181.7704,1.0000,1.9444,0.0010
5.6841,-181.8703,1.0000,1.9444,0.0010
5.6868,-181.9703,1.0000,1.9444,0.0009
5.6894,-182.0703,1.0000,1.9444,0.0009
5.6920,-182.1702,1.0000,1.9444,0.0009
5.6947,-182.2702,1.0000,1.9444,0.0008
5.6973,-182.3702,1.0000,1.9444,0.0007
5.7000,-182.4701,1.0000,1.9444,0.0007
5.7026,-182.5701,1.0000,1.9444,0.0006
5.7052,-182.6701,1.0000,1.9444,0.0005
5.7079,-182.7700,1.0000,1.9444,0.0004
5.7105,-182.8700,1.0000,1.9444,0.0003
5.7132,-182.9700,1.0000,1.9444,0.0002
5.7158,-183.0699,1.0000,1.9444,0.0002
5.7184,-183.1699,1.0000,1.9444,0.0001
5.7211,-183.2699,1.0000,1.9444,0.0001
5.7237,-183.3698,1.0000,1.9444,0.0000
5.7264,-183.4698,1.0000,1.9444,0.0000
5.7290,-183.5698,1.0000,1.9444,0.0000
5.7316,-183.6697,1.0000,1.9444,0.0000
5.7343,-183.7697,1.0000,1.9444,0.0000
5.7369,-183.8697,1.0000,1.9444,0.0000
5.7396,-183.9696,1.0000,1.9444,0.0000
5.7422,-184.0696,1.0000,1.9444,0.0000
5.7448,-184.1696,1.0000,1.9444,0.0000
5.7475,-184.2695,1.0000,1.9444,0.0000
5.7501,-184.3695,1.0000,1.9444,0.0000
5.7528,-184.4695,1.0000,1.9444,0.0000
5.7554,-184.5694,1.0000,1.9444,0.0000
5.7580,-184.6694,1.0000,1.9444,0.0000
5.7607,-184.7693,1.0000,1.9444,0.0000
5.7633,-184.8693,1.0000,1.9444,0.0000
5.7660,-184.9693,1.0000,1.9444,0.0000
5.7686,-185.0692,1.0000,1.9444,0.0000
5.7712,-185.1692,1.0000,1.9444,0.0000
5.7739,-185.2692,1.0000,1.9444,0.0000
5.7765,-185.3691,1.0000,1.9444,0.0000
5.7792,-185.4691,1.0000,1.9444,0.0000
5.7818,-185.5691,1.0000,1.9444,0.0000
5.7844,-185.6690,1.0000,1.9444,0.0000
5.7871,-185.7690,1.0000,1.9444,0.0000
5.7897,-185.8690,1.0000,1.9444,0.0000
5.7924,-185.9689,1.0000,1.9444,0.0000
5.7950,-186.0689,1.0000,1.9444,0.0000
5.7976,-186.1689,1.0000,1.9444,0.0000
5.8003,-186.2688,1.0000,1.9444,0.0000
5.8029,-186.3688,1.0000,1.9444,0.0000
5.8056,-186.4688,1.0000,1.9444,0.0000
5.8082,-186.5687,1.0000,1.9444,0.0000
5.8108,-186.6687,1.0000,1.9444,0.0000
5.8135,-186.7686,1.0000,1.9444,0.0000
5.8161,-186.8686,1.0000,1.9444,0.0000
5.8188,-186.9686,1.0000,1.9444,0.0000
5.8214,-187.0685,1.0000,1.9444,0.0000
5.8240,-187.1685,1.0000,1.9444,0.0000
5.8267,-187.2685,1.0000,1.9444,0.0000
5.8293,-187.3684,1.0000,1.9444,0.0000
5.8320,-187.4684,1.0000,1.9444,0.0000
5.8346,-187.5684,1.0000,1.9444,0.0000
5.8372,-187.6683,1.0000,1.9444,0.0000
5.8399,-187.7683,1.0000,1.9444,0.0000
5.8425,-187.8683,1.0000,1.9444,0.0000
5.8452,-187.9682,1.0000,1.9444,0.0000
5.8478,-188.0682,1.0000,1.9444,0.0000
5.8504,-188.1682,1.0000,1.9444,0.0000
5.8531,-188.2681,1.0000,1.9444,0.0000
5.8557,-188.3681,1.0000,1.9444,0.0000
5.8584,-188.4680,1.0000,1.9444,0.0000
5.8610,-188.5680,1.0000,1.9444,0.0000
5.8636,-188.6680,1.0000,1.9444,0.0000
5.8663,-188.7679,1.0000,1.9444,0.0000
5.8689,-188.8679,1.0000,1.9444,0.0000
5.8716,-188.9679,1.0000,1.9444,0.0000
5.8742,-189.0678,1.0000,1.9444,0.0000
5.8768,-189.1678,1.0000,1.9444,0.0000
5.8795,-189.2678,1.0000,1.9444,0.0000
5.8821,-189.3677,1.0000,1.9444,0.0000
5.8848,-189.4677,1.0000,1.9444,0.0000
5.8874,-189.5677,1.0000,1.9444,0.0000
5.8900,-189.6676,1.0000,1.9444,0.0000
5.8927,-189.7676,1.0000,1.9444,0.0000
5.8953,-189.8676,1.0000,1.9444,0.0000
5.8980,-189.9675,1.0000,1.9444,0.0000
5.9006,-190.0675,1.0000,1.9444,0.0000
5.9032,-190.1675,1.0000,1.9444,0.0000
5.9059,-190.2674,1.0000,1.9444,0.0000
5.9085,-190.3674,1.0000,1.9444,0.0000
5.9112,-190.4674,1.0000,1.9444,0.0000
5.9138,-190.5673,1.0000,1.9444,0.0000
5.9164,-190.6673,1.0000,1.9444,0.0000
5.9191,-190.7673,1.0000,1.9444,0.0000
5.9217,-190.8672,1.0000,1.9444,0.0000
5.9244,-190.9672,1.0000,1.9444,0.0000
5.9270,-191.0672,1.0000,1.9444,0.0000
5.9296,-191.1671,1.0000,1.9444,0.0000
5.9323,-191.2671,1.0000,1.9444,0.0000
5.9349,-191.3670,1.0000,1.9444,0.0000
5.9376,-191.4670,1.0000,1.9444,0.0000
5.9402,-191.5670,1.0000,1.9444,0.0000
5.9428,-191.6669,1.0000,1.9444,0.0000
5.9455,-191.7669,1.0000,1.9444,0.0000
5.9481,-191.8669,1.0000,1.9444,0.0000
5.9508,-191.9668,1.0000,1.9444,0.0000
5.9534,-192.0668,1.0000,1.9444,0.0000
5.9560,-192.1668,1.0000,1.9444,0.0000
5.9587,-192.2667,1.0000,1.9444,0.0000
5.9613,-192.3667,1.0000,1.9444,0.0000
5.9640,-192.4667,1.0000,1.9444,0.0000
5.9666,-192.5666,1.0000,1.9444,0.0000
5.9692,-192.6666,1.0000,1.9444,0.0000
5.9719,-192.7666,1.0000,1.9444,0.0000
5.9745,-192.8665,1.0000,1.9444,0.0000
5.9772,-192.9665,1.0000,1.9444,0.0000
5.9798,-193.0665,1.0000,1.9444,0.0000
5.9824,-193.1664,1.0000,1.9444,0.0000
5.9851,-193.2664,1.0000,1.9444,0.0000
5.9877,-193.3663,1.0000,1.9444,0.0000
5.9904,-193.4663,1.0000,1.9444,0.0000
5.9930,-193.5663,1.0000,1.9444,0.0000
5.9956,-193.6662,1.0000,1.9444,0.0000
5.9983,-193.7662,1.0000,1.9444,0.0000
6.0009,-193.8662,1.0000,1.9444,0.0000
6.0036,-193.9661,1.0000,1.9444,0.0000
6.0062,-194.0661,1.0000,1.9444,0.0000
6.0088,-194.1661,1.0000,1.9444,0.0000
6.0115,-194.2660,1.0000,1.9444,0.0000
6.0141,-194.3660,1.0000,1.9444,0.0000
6.0168,-194.4660,1.0000,1.9444,0.0000
6.0194,-194.5659,1.0000,1.9444,0.0000
6.0220,-194.6659,1.0000,1.9444,0.0000
6.0247,-194.7659,1.0000,1.9444,0.0000
6.0273,-194.8658,1.0000,1.9444,0.0000
6.0300,-194.9658,1.0000,1.9444,0.0000
6.0326,-195.0658,1.0000,1.9444,0.0000
6.0352,-195.1657,1.0000,1.9444,0.0000
6.0379,-195.2657,1.0000,1.9444,0.0000
6.0405,-195.3656,1.0000,1.9444,0.0000
6.0432,-195.4656,1.0000,1.9444,0.0000
6.0458,-195.5656,1.0000,1.9444,0.0000
6.0484,-195.6655,1.0000,1.9444,0.0000
6.0511,-195.7655,1.0000,1.9444,0.0000
6.0537,-195.8655,1.0000,1.9444,0.0000
6.0564,-195.9654,1.0000,1.9444,0.0000
6.0590,-196.0654,1.0000,1.9444,0.0000
6.0616,-196.1654,1.0000,1.9444,0.0000
6.0643,-196.2653,1.0000,1.9444,0.0000
6.0669,-196.3653,1.0000,1.9444,0.0000
6.0696,-196.4653,1.0000,1.9444,0.0000
6.0722,-196.5652,1.0000,1.9444,0.0000
6.0748,-196.6652,1.0000,1.9444,0.0000
6.0775,-196.7652,1.0000,1.9444,0.0000
6.0801,-196.8651,1.0000,1.9444,0.0000
6.0828,-196.9651,1.0000,1.9444,0.0000
6.0854,-197.0650,1.0000,1.9444,0.0000
6.0880,-197.1650,1.0000,1.9444,0.0000
6.0907,-197.2650,1.0000,1.9444,0.0000
6.0933,-197.3649,1.0000,1.9444,0.0000
6.0960,-197.4649,1.0000,1.9444,0.0000
6.0986,-197.5649,1.0000,1.9444,0.0000
6.1012,-197.6648,1.0000,1.9444,0.0000
6.1039,-197.7648,1.0000,1.9444,0.0000
6.1065,-197.8648,1.0000,1.9444,0.0000
6.1092,-197.9647,1.0000,1.9444,0.0000
6.1118,-198.0647,1.0000,1.9444,0.0000
6.1144,-198.1647,1.0000,1.9444,0.0000
6.1171,-198.2646,1.0000,1.9444,0.0000
6.1197,-198.3646,1.0000,1.9444,0.0000
6.1224,-198.4646,1.0000,1.9444,0.0000
6.1250,-198.5645,1.0000,1.9444,0.0000
6.1276,-198.6645,1.0000,1.9444,0.0000
6.1303,-198.7645,1.0000,1.9444,0.0000
6.1329,-198.8644,1.0000,1.9444,0.0000
6.1356,-198.9644,1.0000,1.9444,0.0000
6.1382,-199.0644,1.0000,1.9444,0.0000
6.1409,-199.1643,1.0000,1.9444,0.0000
6.1435,-199.2643,1.0000,1.9444,0.0000
6.1461,-199.3643,1.0000,1.9444,0.0000
6.1488,-199.4642,1.0000,1.9444,0.0000
6.1514,-199.5642,1.0000,1.9444,0.0000
6.1541,-199.6642,1.0000,1.9444,0.0000
6.1567,-199.7641,1.0000,1.9444,0.0000
6.1593,-199.8641,1.0000,1.9444,0.0000
6.1620,-199.9641,1.0000,1.9444,0.0000
6.1646,-200.0640,1.0000,1.9444,0.0000
6.1673,-200.1640,1.0000,1.9444,0.0000
6.1699,-200.2639,1.0000,1.9444,0.0000
6.1725,-200.3639,1.0000,1.9444,0.0000
6.1752,-200.4639,1.0000,1.9444,0.0000
6.1778,-200.5638,1.0000,1.9444,0.0000
6.1805,-200.6638,1.0000,1.9444,0.0000
6.1831,-200.7638,1.0000,1.9444,0.0000
6.1857,-200.8637,1.0000,1.9444,0.0000
6.1884,-200.9637,1.0000,1.9444,0.0000
6.1910,-201.0637,1.0000,1.9444,0.0000
6.1937,-201.1636,1.0000,1.9444,0.0000
6.1963,-201.2636,1.0000,1.9444,0.0000
6.1989,-201.3636,1.0000,1.9444,0.0000
6.2016,-201.4635,1.0000,1.9444,0.0000
6.2042,-201.5635,1.0000,1.9444,0.0000
6.2069,-201.6635,1.0000,1.9444,0.0000
6.2095,-201.7634,1.0000,1.9444,0.0000
6.2121,-201.8634,1.0000,1.9444,0.0000
6.2148,-201.9633,1.0000,1.9444,0.0000
6.2174,-202.0633,1.0000,1.9444,0.0000
6.2201,-202.1633,1.0000,1.9444,0.0000
6.2227,-202.2632,1.0000,1.9444,0.0000
6.2253,-202.3632,1.0000,1.9444,0.0000
6.2280,-202.4632,1.0000,1.9444,0.0000
6.2306,-202.5631,1.0000,1.9444,0.0000
6.2333,-202.6631,1.0000,1.9444,0.0000
6.2359,-202.7631,1.0000,1.9444,0.0000
6.2385,-202.8630,1.0000,1.9444,0.0000
6.2412,-202.9630,1.0000,1.9444,0.0000
6.2438,-203.0630,1.0000,1.9444,0.0000
6.2465,-203.1629,1.0000,1.9444,0.0000
6.2491,-203.2629,1.0000,1.9444,0.0000
6.2517,-203.3629,1.0000,1.9444,0.0000
6.2544,-203.4628,1.0000,1.9444,0.0000
6.2570,-203.5628,1.0000,1.9444,0.0000
6.2597,-203.6628,1.0000,1.9444,0.0000
6.2623,-203.7627,1.0000,1.9444,0.0000
6.2649,-203.8627,1.0000,1.9444,0.0000
6.2676,-203.9626,1.0000,1.9444,0.0000
6.2702,-204.0626,1.0000,1.9444,0.0000
6.2729,-204.1626,1.0000,1.9444,0.0000
6.2755,-204.2625,1.0000,1.9444,0.0000
6.2781,-204.3625,1.0000,1.9444,0.0000
6.2808,-204.4625,1.0000,1.9444,0.0000
6.2834,-204.5624,1.0000,1.9444,0.0000
6.2861,-204.6624,1.0000,1.9444,0.0000
6.2887,-204.7624,1.0000,1.9444,0.0000
6.2913,-204.8623,1.0000,1.9444,0.0000
6.2940,-204.9623,1.0000,1.9444,0.0000
6.2966,-205.0623,1.0000,1.9444,0.0000
6.2993,-205.1622,1.0000,1.9444,0.0000
6.3019,-205.2622,1.0000,1.9444,0.0000
6.3045,-205.3622,1.0000,1.9444,0.0000
6.3072,-205.4621,1.0000,1.9444,0.0000
6.3098,-205.5621,1.0000,1.9444,0.0000
6.3125,-205.6621,1.0000,1.9444,0.0000
6.3151,-205.7620,1.0000,1.9444,0.0000
6.3177,-205.8620,1.0000,1.9444,0.0000
6.3204,-205.9620,1.0000,1.9444,0.0000
6.3230,-206.0619,1.0000,1.9444,0.0000
6.3257,-206.1619,1.0000,1.9444,0.0000
6.3283,-206.2619,1.0000,1.9444,0.0000
6.3309,-206.3618,1.0000,1.9444,0.0000
6.3336,-206.4618,1.0000,1.9444,0.0000
6.3362,-206.5617,1.0000,1.9444,0.0000
6.3389,-206.6617,1.0000,1.9444,0.0000
6.3415,-206.7617,1.0000,1.9444,0.0000
6.3441,-206.8616,1.0000,1.9444,0.0000
6.3468,-206.9616,1.0000,1.9444,0.0000
6.3494,-207.0616,1.0000,1.9444,0.0000
6.3521,-207.1615,1.0000,1.9444,0.0000
6.3547,-207.2615,1.0000,1.9444,0.0000
6.3573,-207.3615,1.0000,1.9444,0.0000
6.3600,-207.4614,1.0000,1.9444,0.0000
6.3626,-207.5614,1.0000,1.9444,0.0000
6.3653,-207.6614,1.0000,1.9444,0.0000
6.3679,-207.7613,1.0000,1.9444,0.0000
6.3705,-207.8613,1.0000,1.9444,0.0000
6.3732,-207.9613,1.0000,1.9444,0.0000
6.3758,-208.0612,1.0000,1.9444,0.0000
6.3785,-208.1612,1.0000,1.9444,0.0000
6.3811,-208.2612,1.0000,1.9444,0.0000
6.3837,-208.3611,1.0000,1.9444,0.0000
6.3864,-208.4611,1.0000,1.9444,0.0000
6.3890,-208.5611,1.0000,1.9444,0.0000
6.3917,-208.6610,1.0000,1.9444,0.0000
6.3943,-208.7610,1.0000,1.9444,0.0000
6.3969,-208.8609,1.0000,1.9444,0.0000
6.3996,-208.9609,1.0000,1.9444,0.0000
6.4022,-209.0609,1.0000,1.9444,0.0000
6.4049,-209.1608,1.0000,1.9444,0.0000
6.4075,-209.2608,1.0000,1.9444,0.0000
6.4101,-209.3608,1.0000,1.9444,0.0000
6.4128,-209.4607,1.0000,1.9444,0.0000
6.4154,-209.5607,1.0000,1.9444,0.0000
6.4181,-209.6607,1.0000,1.9444,0.0000
6.4207,-209.7606,1.0000,1.9444,0.0000
6.4233,-209.8606,1.0000,1.9444,0.0000
6.4260,-209.9606,1.0000,1.9444,0.0000
6.4286,-210.0605,1.0000,1.9444,0.0000
6.4313,-210.1605,1.0000,1.9444,0.0000
6.4339,-210.2605,1.0000,1.9444,0.0000
6.4365,-210.3604,1.0000,1.9444,0.0000
6.4392,-210.4604,1.0000,1.9444,0.0000
6.4418,-210.5603,1.0000,1.9444,0.0000
6.4445,-210.6603,1.0000,1.9444,0.0000
6.4471,-210.7603,1.0000,1.9444,0.0000
6.4497,-210.8602,1.0000,1.9444,0.0000
6.4524,-210.9602,1.0000,1.9444,0.0000
6.4550,-211.0602,1.0000,1.9444,0.0000
6.4577,-211.1601,1.0000,1.9444,0.0000
6.4603,-211.2601,1.0000,1.9444,0.0000
6.4629,-211.3601,1.0000,1.9444,0.0000
6.4656,-211.4600,1.0000,1.9444,0.0000
6.4682,-211.5600,1.0000,1.9444,0.0000
6.4709,-211.6600,1.0000,1.9444,0.0000
6.4735,-211.7599,1.0000,1.9444,0.0000
6.4761,-211.8599,1.0000,1.9444,0.0000
6.4788,-211.9599,1.0000,1.9444,0.0000
6.4814,-212.0598,1.0000,1.9444,0.0000
6.4841,-212.1598,1.0000,1.9444,0.0000
6.4867,-212.2598,1.0000,1.9444,0.0000
6.4893,-212.3597,1.0000,1.9444,0.0000
6.4920,-212.4597,1.0000,1.9444,0.0000
6.4946,-212.5596,1.0000,1.9444,0.0000
6.4973,-212.6596,1.0000,1.9444,0.0000
6.4999,-212.7596,1.0000,1.9444,0.0000
6.5025,-212.8595,1.0000,1.9444,0.0000
6.5052,-212.9595,1.0000,1.9444,0.0000
6.5078,-213.0595,1.0000,1.9444,0.0000
6.5105,-213.1594,1.0000,1.9444,0.0000
6.5131,-213.2594,1.0000,1.9444,0.0000
6.5157,-213.3594,1.0000,1.9444,0.0000
6.5184,-213.4593,1.0000,1.9444,0.0000
6.5210,-213.5593,1.0000,1.9444,0.0000
6.5237,-213.6593,1.0000,1.9444,0.0000
6.5263,-213.7592,1.0000,1.9444,0.0000
6.5289,-213.8592,1.0000,1.9444,0.0000
6.5316,-213.9592,1.0000,1.9444,0.0000
6.5342,-214.0591,1.0000,1.9444,0.0000
6.5369,-214.1591,1.0000,1.9444,0.0000
6.5395,-214.2591,1.0000,1.9444,0.0000
6.5421,-214.3590,1.0000,1.9444,0.0000
6.5448,-214.4590,1.0000,1.9444,0.0000
6.5474,-214.5590,1.0000,1.9444,0.0000
6.5501,-214.6589,1.0000,1.9444,0.0000
6.5527,-214.7589,1.0000,1.9444,0.0000
6.5553,-214.8589,1.0000,1.9444,0.0000
6.5580,-214.9588,1.0000,1.9444,0.0000
6.5606,-215.0588,1.0000,1.9444,0.0000
6.5633,-215.1588,1.0000,1.9444,0.0000
6.5659,-215.2587,1.0000,1.9444,0.0000
6.5685,-215.3587,1.0000,1.9444,0.0000
6.5712,-215.4586,1.0000,1.9444,0.0000
6.5738,-215.5586,1.0000,1.9444,0.0000
6.5765,-215.6586,1.0000,1.9444,0.0000
6.5791,-215.7585,1.0000,1.9444,0.0000
6.5817,-215.8585,1.0000,1.9444,0.0000
6.5844,-215.9585,1.0000,1.9444,0.0000
6.5870,-216.0584,1.0000,1.9444,0.0000
6.5897,-216.1584,1.0000,1.9444,0.0000
6.5923,-216.2584,1.0000,1.9444,0.0000
6.5949,-216.3583,1.0000,1.9444,0.0000
6.5976,-216.4583,1.0000,1.9444,0.0000
6.6002,-216.5583,1.0000,1.9444,0.0000
6.6029,-216.6582,1.0000,1.9444,0.0000
6.6055,-216.7582,1.0000,1.9444,0.0000
6.6081,-216.8582,1.0000,1.9444,0.0000
6.6108,-216.9581,1.0000,1.9444,0.0000
6.6134,-217.0581,1.0000,1.9444,0.0000
6.6161,-217.1581,1.0000,1.9444,0.0000
6.6187,-217.2580,1.0000,1.9444,0.0000
6.6213,-217.3580,1.0000,1.9444,0.0000
6.6240,-217.4579,1.0000,1.9444,0.0000
6.6266,-217.5579,1.0000,1.9444,0.0000
6.6293,-217.6579,1.0000,1.9444,0.0000
6.6319,-217.7578,1.0000,1.9444,0.0000
6.6345,-217.8578,1.0000,1.9444,0.0000
6.6372,-217.9578,1.0000,1.9444,0.0000
6.6398,-218.0577,1.0000,1.9444,0.0000
6.6425,-218.1577,1.0000,1.9444,0.0000
6.6451,-218.2577,1.0000,1.9444,0.0000
6.6477,-218.3576,1.0000,1.9444,0.0000
6.6504,-218.4576,1.0000,1.9444,0.0000
6.6530,-218.5576,1.0000,1.9444,0.0000
6.6557,-218.6575,1.0000,1.9444,0.0000
6.6583,-218.7575,1.0000,1.9444,0.0000
6.6609,-218.8575,1.0000,1.9444,0.0000
6.6636,-218.9574,1.0000,1.9444,0.0000
6.6662,-219.0574,1.0000,1.9444,0.0000
6.6689,-219.1573,1.0000,1.9444,0.0000
6.6715,-219.2573,1.0000,1.9444,0.0000
6.6741,-219.3573,1.0000,1.9444,0.0000
6.6768,-219.4572,1.0000,1.9444,0.0000
6.6794,-219.5572,1.0000,1.9444,0.0000
6.6821,-219.6572,1.0000,1.9444,0.0000
6.6847,-219.7571,1.0000,1.9444,0.0000
6.6873,-219.8571,1.0000,1.9444,0.0000
6.6900,-219.9571,1.0000,1.9444,0.0000
6.6926,-220.0570,1.0000,1.9444,0.0000
6.6953,-220.1570,1.0000,1.9444,0.0000
6.6979,-220.2570,1.0000,1.9444,0.0000
6.7005,-220.3569,1.0000,1.9444,0.0000
6.7032,-220.4569,1.0000,1.9444,0.0000
6.7058,-220.5569,1.0000,1.9444,0.0000
6.7085,-220.6568,1.0000,1.9444,0.0000
6.7111,-220.7568,1.0000,1.9444,0.0000
6.7137,-220.8568,1.0000,1.9444,0.0000
6.7164,-220.9567,1.0000,1.9444,0.0000
6.7190,-221.0567,1.0000,1.9444,0.0000
6.7217,-221.1567,1.0000,1.9444,0.0000
6.7243,-221.2566,1.0000,1.9444,0.0000
6.7269,-221.3566,1.0000,1.9444,0.0000
6.7296,-221.4565,1.0000,1.9444,0.0000
6.7322,-221.5565,1.0000,1.9444,0.0000
6.7349,-221.6565,1.0000,1.9444,0.0000
6.7375,-221.7564,1.0000,1.9444,0.0000
6.7401,-221.8564,1.0000,1.9444,0.0000
6.7428,-221.9564,1.0000,1.9444,0.0000
6.7454,-222.0563,1.0000,1.9444,0.0000
6.7481,-222.1563,1.0000,1.9444,0.0000
6.7507,-222.2563,1.0000,1.9444,0.0000
6.7533,-222.3562,1.0000,1.9444,0.0000
6.7560,-222.4562,1.0000,1.9444,0.0000
6.7586,-222.5562,1.0000,1.9444,0.0000
6.7613,-222.6561,1.0000,1.9444,0.0000
6.7639,-222.7561,1.0000,1.9444,0.0000
6.7665,-222.8561,1.0000,1.9444,0.0000
6.7692,-222.9560,1.0000,1.9444,0.0000
6.7718,-223.0560,1.0000,1.9444,0.0000
6.7745,-223.1560,1.0000,1.9444,0.0000
6.7771,-223.2559,1.0000,1.9444,0.0000
6.7797,-223.3559,1.0000,1.9444,0.0000
6.7824,-223.4559,1.0000,1.9444,0.0000
6.7850,-223.5558,1.0000,1.9444,0.0000
6.7877,-223.6558,1.0000,1.9444,0.0000
6.7903,-223.7558,1.0000,1.9444,0.0000
6.7929,-223.8557,1.0000,1.9444,0.0000
6.7956,-223.9557,1.0000,1.9444,0.0000
6.7982,-224.0556,1.0000,1.9444,0.0000
6.8009,-224.1556,1.0000,1.9444,0.0000
6.8035,-224.2556,1.0000,1.9444,0.0000
6.8061,-224.3555,1.0000,1.9444,0.0000
6.8088,-224.4555,1.0000,1.9444,0.0000
6.8114,-224.5555,1.0000,1.9444,0.0000
6.8141,-224.6554,1.0000,1.9444,0.0000
6.8167,-224.7554,1.0000,1.9444,0.0000
6.8193,-224.8554,1.0000,1.9444,0.0000
6.8220,-224.9553,1.0000,1.9444,0.0000
6.8246,-225.0553,1.0000,1.9444,0.0000
6.8273,-225.1553,1.0000,1.9444,0.0000
6.8299,-225.2552,1.0000,1.9444,0.0000
6.8325,-225.3552,1.0000,1.9444,0.0000
6.8352,-225.4552,1.0000,1.9444,0.0000
6.8378,-225.5551,1.0000,1.9444,0.0000
6.8405,-225.6551,1.0000,1.9444,0.0000
6.8431,-225.7551,1.0000,1.9444,0.0000
6.8457,-225.8550,1.0000,1.9444,0.0000
6.8484,-225.9550,1.0000,1.9444,0.0000
6.8510,-226.0549,1.0000,1.9444,0.0000
6.8537,-226.1549,1.0000,1.9444,0.0000
6.8563,-226.2549,1.0000,1.9444,0.0000
6.8589,-226.3548,1.0000,1.9444,0.0000
6.8616,-226.4548,1.0000,1.9444,0.0000
6.8642,-226.5548,1.0000,1.9444,0.0000
6.8669,-226.6547,1.0000,1.9444,0.0000
6.8695,-226.7547,1.0000,1.9444,0.0000
6.8721,-226.8547,1.0000,1.9444,0.0000
6.8748,-226.9546,1.0000,1.9444,0.0000
6.8774,-227.0546,1.0000,1.9444,0.0000
6.8801,-227.1546,1.0000,1.9444,0.0000
6.8827,-227.2545,1.0000,1.9444,0.0000
6.8853,-227.3545,1.0000,1.9444,0.0000
6.8880,-227.4545,1.0000,1.9444,0.0000
6.8906,-227.5544,1.0000,1.9444,0.0000
6.8933,-227.6544,1.0000,1.9444,0.0000
6.8959,-227.7543,1.0000,1.9444,0.0000
6.8986,-227.8543,1.0000,1.9444,0.0000
6.9012,-227.9543,1.0000,1.9444,0.0000
6.9038,-228.0542,1.0000,1.9444,0.0000
6.9065,-228.1542,1.0000,1.9444,0.0000
6.9091,-228.2542,1.0000,1.9444,0.0000
6.9118,-228.3541,1.0000,1.9444,0.0000
6.9144,-228.4541,1.0000,1.9444,0.0000
6.9170,-228.5541,1.0000,1.9444,0.0000
6.9197,-228.6540,1.0000,1.9444,0.0000
6.9223,-228.7540,1.0000,1.9444,0.0000
6.9250,-228.8540,1.0000,1.9444,0.0000
6.9276,-228.9539,1.0000,1.9444,0.0000
6.9302,-229.0539,1.0000,1.9444,0.0000
6.9329,-229.1539,1.0000,1.9444,0.0000
6.9355,-229.2538,1.0000,1.9444,0.0000
6.9382,-229.3538,1.0000,1.9444,0.0000
6.9408,-229.4538,1.0000,1.9444,0.0000
6.9434,-229.5537,1.0000,1.9444,0.0000
6.9461,-229.6537,1.0000,1.9444,0.0000
6.9487,-229.7537,1.0000,1.9444,0.0000
6.9514,-229.8536,1.0000,1.9444,0.0000
6.9540,-229.9536,1.0000,1.9444,0.0000
6.9566,-230.0536,1.0000,1.9444,0.0000
6.9593,-230.1535,1.0000,1.9444,0.0000
6.9619,-230.2535,1.0000,1.9444,0.0000
6.9646,-230.3535,1.0000,1.9444,0.0000
6.9672,-230.4534,1.0000,1.9444,0.0000
6.9698,-230.5534,1.0000,1.9444,0.0000
6.9725,-230.6534,1.0000,1.9444,0.0000
6.9751,-230.7533,1.0000,1.9444,0.0000
6.9778,-230.8533,1.0000,1.9444,0.0000
6.9804,-230.9532,1.0000,1.9444,0.0000
6.9830,-231.0532,1.0000,1.9444,0.0000
6.9857,-231.1532,1.0000,1.9444,0.0000
6.9883,-231.2531,1.0000,1.9444,0.0000
6.9910,-231.3531,1.0000,1.9444,0.0000
6.9936,-231.4531,1.0000,1.9444,0.0000
6.9962,-231.5530,1.0000,1.9444,0.0000
6.9989,-231.6530,1.0000,1.9444,0.0000
7.0015,-231.7530,1.0000,1.9444,0.0000
7.0042,-231.8529,1.0000,1.9444,0.0000
7.0068,-231.9529,1.0000,1.9444,0.0000
7.0094,-232.0529,1.0000,1.9444,0.0000
7.0121,-232.1528,1.0000,1.9444,0.0000
7.0147,-232.2528,1.0000,1.9444,0.0000
7.0174,-232.3528,1.0000,1.9444,0.0000
7.0200,-232.4527,1.0000,1.9444,0.0000
7.0226,-232.5527,1.0000,1.9444,0.0000
7.0253,-232.6526,1.0000,1.9444,0.0000
7.0279,-232.7526,1.0000,1.9444,0.0000
7.0306,-232.8526,1.0000,1.9444,0.0000
7.0332,-232.9525,1.0000,1.9444,0.0000
7.0358,-233.0525,1.0000,1.9444,0.0000
7.0385,-233.1525,1.0000,1.9444,0.0000
7.0411,-233.2524,1.0000,1.9444,0.0000
7.0438,-233.3524,1.0000,1.9444,0.0000
7.0464,-233.4524,1.0000,1.9444,0.0000
7.0490,-233.5523,1.0000,1.9444,0.0000
7.0517,-233.6523,1.0000,1.9444,0.0000
7.0543,-233.7523,1.0000,1.9444,0.0000
7.0570,-233.8522,1.0000,1.9444,0.0000
7.0596,-233.9522,1.0000,1.9444,0.0000
7.0622,-234.0522,1.0000,1.9444,0.0000
7.0649,-234.1521,1.0000,1.9444,0.0000
7.0675,-234.2521,1.0000,1.9444,0.0000
7.0702,-234.3521,1.0000,1.9444,0.0000
7.0728,-234.4520,1.0000,1.9444,0.0000
7.0754,-234.5520,1.0000,1.9444,0.0000
7.0781,-234.6519,1.0000,1.9444,0.0000
7.0807,-234.7519,1.0000,1.9444,0.0000
7.0834,-234.8519,1.0000,1.9444,0.0000
7.0860,-234.9518,1.0000,1.9444,0.0000
7.0886,-235.0518,1.0000,1.9444,0.0000
7.0913,-235.1518,1.0000,1.9444,0.0000
7.0939,-235.2517,1.0000,1.9444,0.0000
7.0966,-235.3517,1.0000,1.9444,0.0000
7.0992,-235.4517,1.0000,1.9444,0.0000
7.1018,-235.5516,1.0000,1.9444,0.0000
7.1045,-235.6516,1.0000,1.9444,0.0000
7.1071,-235.7516,1.0000,1.9444,0.0000
7.1098,-235.8515,1.0000,1.9444,0.0000
7.1124,-235.9515,1.0000,1.9444,0.0000
7.1150,-236.0515,1.0000,1.9444,0.0000
7.1177,-236.1514,1.0000,1.9444,0.0000
7.1203,-236.2514,1.0000,1.9444,0.0000
7.1230,-236.3514,1.0000,1.9444,0.0000
7.1256,-236.4513,1.0000,1.9444,0.0000
7.1282,-236.5513,1.0000,1.9444,0.0000
7.1309,-236.6512,1.0000,1.9444,0.0000
7.1335,-236.7512,1.0000,1.9444,0.0000
7.1362,-236.8512,1.0000,1.9444,0.0000
7.1388,-236.9511,1.0000,1.9444,0.0000
7.1414,-237.0511,1.0000,1.9444,0.0000
7.1441,-237.1511,1.0000,1.9444,0.0000
7.1467,-237.2510,1.0000,1.9444,0.0000
7.1494,-237.3510,1.0000,1.9444,0.0000
7.1520,-237.4510,1.0000,1.9444,0.0000
7.1546,-237.5509,1.0000,1.9444,0.0000
7.1573,-237.6509,1.0000,1.9444,0.0000
7.1599,-237.7509,1.0000,1.9444,0.0000
7.1626,-237.8508,1.0000,1.9444,0.0000
7.1652,-237.9508,1.0000,1.9444,0.0000
7.1678,-238.0508,1.0000,1.9444,0.0000
7.1705,-238.1507,1.0000,1.9444,0.0000
7.1731,-238.2507,1.0000,1.9444,0.0000
7.1758,-238.3507,1.0000,1.9444,0.0000
7.1784,-238.4506,1.0000,1.9444,0.0000
7.1810,-238.5506,1.0000,1.9444,0.0000
7.1837,-238.6506,1.0000,1.9444,0.0000
7.1863,-238.7505,1.0000,1.9444,0.0000
7.1890,-238.8505,1.0000,1.9444,0.0000
7.1916,-238.9505,1.0000,1.9444,0.0000
7.1942,-239.0504,1.0000,1.9444,0.0000
7.1969,-239.1504,1.0000,1.9444,0.0000
7.1995,-239.2504,1.0000,1.9444,0.0000
7.2022,-239.3503,1.0000,1.9444,0.0000
7.2048,-239.4503,1.0000,1.9444,0.0000
7.2074,-239.5502,1.0000,1.9444,0.0000
7.2101,-239.6502,1.0000,1.9444,0.0000
7.2127,-239.7502,1.0000,1.9444,0.0000
7.2154,-239.8501,1.0000,1.9444,0.0000
7.2180,-239.9501,1.0000,1.9444,0.0000
7.2206,-240.0501,1.0000,1.9444,0.0000
7.2233,-240.1500,1.0000,1.9444,0.0000
7.2259,-240.2500,1.0000,1.9444,0.0000
7.2286,-240.3500,1.0000,1.9444,0.0000
7.2312,-240.4499,1.0000,1.9444,0.0000
7.2338,-240.5499,1.0000,1.9444,0.0000
7.2365,-240.6499,1.0000,1.9444,0.0000
7.2391,-240.7498,1.0000,1.9444,0.0000
7.2418,-240.8498,1.0000,1.9444,0.0000
7.2444,-240.9498,1.0000,1.9444,0.0000
7.2470,-241.0497,1.0000,1.9444,0.0000
7.2497,-241.1497,1.0000,1.9444,0.0000
7.2523,-241.2496,1.0000,1.9444,0.0000
7.2550,-241.3496,1.0000,1.9444,0.0000
7.2576,-241.4496,1.0000,1.9444,0.0000
7.2602,-241.5495,1.0000,1.9444,0.0000
7.2629,-241.6495,1.0000,1.9444,0.0000
7.2655,-241.7495,1.0000,1.9444,0.0000
7.2682,-241.8494,1.0000,1.9444,0.0000
7.2708,-241.9494,1.0000,1.9444,0.0000
7.2734,-242.0494,1.0000,1.9444,0.0000
7.2761,-242.1493,1.0000,1.9444,0.0000
7.2787,-242.2493,1.0000,1.9444,0.0000
7.2814,-242.3493,1.0000,1.9444,0.0000
7.2840,-242.4492,1.0000,1.9444,0.0000
7.2866,-242.5492,1.0000,1.9444,0.0000
7.2893,-242.6492,1.0000,1.9444,0.0000
7.2919,-242.7491,1.0000,1.9444,0.0000
7.2946,-242.8491,1.0000,1.9444,0.0000
7.2972,-242.9491,1.0000,1.9444,0.0000
7.2998,-243.0490,1.0000,1.9444,0.0000
7.3025,-243.1490,1.0000,1.9444,0.0000
7.3051,-243.2489,1.0000,1.9444,0.0000
7.3078,-243.3489,1.0000,1.9444,0.0000
7.3104,-243.4489,1.0000,1.9444,0.0000
7.3130,-243.5488,1.0000,1.9444,0.0000
7.3157,-243.6488,1.0000,1.9444,0.0000
7.3183,-243.7488,1.0000,1.9444,0.0000
7.3210,-243.8487,1.0000,1.9444,0.0000
7.3236,-243.9487,1.0000,1.9444,0.0000
7.3262,-244.0487,1.0000,1.9444,0.0000
7.3289,-244.1486,1.0000,1.9444,0.0000
7.3315,-244.2486,1.0000,1.9444,0.0000
7.3342,-244.3486,1.0000,1.9444,0.0000
7.3368,-244.4485,1.0000,1.9444,0.0000
7.3394,-244.5485,1.0000,1.9444,0.0000
7.3421,-244.6485,1.0000,1.9444,0.0000
7.3447,-244.7484,1.0000,1.9444,0.0000
7.3474,-244.8484,1.0000,1.9444,0.0000
7.3500,-244.9484,1.0000,1.9444,0.0000
7.3526,-245.0483,1.0000,1.9444,0.0000
7.3553,-245.1483,1.0000,1.9444,0.0000
7.3579,-245.2483,1.0000,1.9444,0.0000
7.3606,-245.3482,1.0000,1.9444,0.0000
7.3632,-245.4482,1.0000,1.9444,0.0000
7.3658,-245.5482,1.0000,1.9444,0.0000
7.3685,-245.6481,1.0000,1.9444,0.0000
7.3711,-245.7481,1.0000,1.9444,0.0000
7.3738,-245.8481,1.0000,1.9444,0.0000
7.3764,-245.9480,1.0000,1.9444,0.0000
7.3790,-246.0480,1.0000,1.9444,0.0000
7.3817,-246.1479,1.0000,1.9444,0.0000
7.3843,-246.2479,1.0000,1.9444,0.0000
7.3870,-246.3479,1.0000,1.9444,0.0000
7.3896,-246.4478,1.0000,1.9444,0.0000
7.3922,-246.5478,1.0000,1.9444,0.0000
7.3949,-246.6478,1.0000,1.9444,0.0000
7.3975,-246.7477,1.0000,1.9444,0.0000
7.4002,-246.8477,1.0000,1.9444,0.0000
7.4028,-246.9477,1.0000,1.9444,0.0000
7.4054,-247.0476,1.0000,1.9444,0.0000
7.4081,-247.1476,1.0000,1.9444,0.0000
7.4107,-247.2476,1.0000,1.9444,0.0000
7.4134,-247.3475,1.0000,1.9444,0.0000
7.4160,-247.4475,1.0000,1.9444,0.0000
7.4186,-247.5475,1.0000,1.9444,0.0000
7.4213,-247.6474,1.0000,1.9444,0.0000
7.4239,-247.7474,1.0000,1.9444,0.0000
7.4266,-247.8474,1.0000,1.9444,0.0000
7.4292,-247.9473,1.0000,1.9444,0.0000
7.4318,-248.0473,1.0000,1.9444,0.0000
7.4345,-248.1472,1.0000,1.9444,0.0000
7.4371,-248.2472,1.0000,1.9444,0.0000
7.4398,-248.3472,1.0000,1.9444,0.0000
7.4424,-248.4471,1.0000,1.9444,0.0000
7.4450,-248.5471,1.0000,1.9444,0.0000
7.4477,-248.6471,1.0000,1.9444,0.0000
7.4503,-248.7470,1.0000,1.9444,0.0000
7.4530,-248.8470,1.0000,1.9444,0.0000
7.4556,-248.9470,1.0000,1.9444,0.0000
7.4582,-249.0469,1.0000,1.9444,0.0000
7.4609,-249.1469,1.0000,1.9444,0.0000
7.4635,-249.2469,1.0000,1.9444,0.0000
7.4662,-249.3468,1.0000,1.9444,0.0000
7.4688,-249.4468,1.0000,1.9444,0.0000
7.4714,-249.5468,1.0000,1.9444,0.0000
7.4741,-249.6467,1.0000,1.9444,0.0000
7.4767,-249.7467,1.0000,1.9444,0.0000
7.4794,-249.8466,1.0000,1.9444,0.0000
7.4820,-249.9466,1.0000,1.9444,0.0000
7.4846,-250.0466,1.0000,1.9444,0.0000
7.4873,-250.1465,1.0000,1.9444,0.0000
7.4899,-250.2465,1.0000,1.9444,0.0000
7.4926,-250.3465,1.0000,1.9444,0.0000
7.4952,-250.4464,1.0000,1.9444,0.0000
7.4978,-250.5464,1.0000,1.9444,0.0000
7.5005,-250.6464,1.0000,1.9444,0.0000
7.5031,-250.7463,1.0000,1.9444,0.0000
7.5058,-250.8463,1.0000,1.9444,0.0000
7.5084,-250.9463,1.0000,1.9444,0.0000
7.5110,-251.0462,1.0000,1.9444,0.0000
7.5137,-251.1462,1.0000,1.9444,0.0000
7.5163,-251.2462,1.0000,1.9444,0.0000
7.5190,-251.3461,1.0000,1.9444,0.0000
7.5216,-251.4461,1.0000,1.9444,0.0000
7.5242,-251.5461,1.0000,1.9444,0.0000
7.5269,-251.6460,1.0000,1.9444,0.0000
7.5295,-251.7460,1.0000,1.9444,0.0000
7.5322,-251.8459,1.0000,1.9444,0.0000
7.5348,-251.9459,1.0000,1.9444,0.0000
7.5374,-252.0459,1.0000,1.9444,0.0000
7.5401,-252.1458,1.0000,1.9444,0.0000
7.5427,-252.2458,1.0000,1.9444,0.0000
7.5454,-252.3458,1.0000,1.9444,0.0000
7.5480,-252.4457,1.0000,1.9444,0.0000
7.5506,-252.5457,1.0000,1.9444,0.0000
7.5533,-252.6457,1.0000,1.9444,0.0000
7.5559,-252.7456,1.0000,1.9444,0.0000
7.5586,-252.8456,1.0000,1.9444,0.0000
7.5612,-252.9456,1.0000,1.9444,0.0000
7.5638,-253.0455,1.0000,1.9444,0.0000
7.5665,-253.1455,1.0000,1.9444,0.0000
7.5691,-253.2455,1.0000,1.9444,0.0000
7.5718,-253.3454,1.0000,1.9444,0.0000
7.5744,-253.4454,1.0000,1.9444,0.0000
7.5770,-253.5454,1.0000,1.9444,0.0000
7.5797,-253.6453,1.0000,1.9444,0.0000
7.5823,-253.7453,1.0000,1.9444,0.0000
7.5850,-253.8453,1.0000,1.9444,0.0000
7.5876,-253.9452,1.0000,1.9444,0.0000
7.5902,-254.0452,1.0000,1.9444,0.0000
7.5929,-254.1452,1.0000,1.9444,0.0000
7.5955,-254.2451,1.0000,1.9444,0.0000
7.5982,-254.3451,1.0000,1.9444,0.0000
7.6008,-254.4451,1.0000,1.9444,0.0000
7.6034,-254.5450,1.0000,1.9444,0.0000
7.6061,-254.6450,1.0000,1.9444,0.0000
7.6087,-254.7449,1.0000,1.9444,0.0000
7.6114,-254.8449,1.0000,1.9444,0.0000
7.6140,-254.9449,1.0000,1.9444,0.0000
7.6166,-255.0448,1.0000,1.9444,0.0000
7.6193,-255.1448,1.0000,1.9444,0.0000
7.6219,-255.2448,1.0000,1.9444,0.0000
7.6246,-255.3447,1.0000,1.9444,0.0000
7.6272,-255.4447,1.0000,1.9444,0.0000
7.6298,-255.5447,1.0000,1.9444,0.0000
7.6325,-255.6446,1.0000,1.9444,0.0000
7.6351,-255.7446,1.0000,1.9444,0.0000
7.6378,-255.8446,1.0000,1.9444,0.0000
7.6404,-255.9445,1.0000,1.9444,0.0000
7.6430,-256.0445,1.0000,1.9444,0.0000
7.6457,-256.1445,1.0000,1.9444,0.0000
7.6483,-256.2444,1.0000,1.9444,0.0000
7.6510,-256.3444,1.0000,1.9444,0.0000
7.6536,-256.4443,1.0000,1.9444,0.0000
7.6562,-256.5443,1.0000,1.9444,0.0000
7.6589,-256.6443,1.0000,1.9444,0.0000
7.6615,-256.7442,1.0000,1.9444,0.0000
7.6642,-256.8442,1.0000,1.9444,0.0000
7.6668,-256.9442,1.0000,1.9444,0.0000
7.6695,-257.0441,1.0000,1.9444,0.0000
7.6721,-257.1441,1.0000,1.9444,0.0000
7.6747,-257.2441,1.0000,1.9444,0.0000
7.6774,-257.3440,1.0000,1.9444,0.0000
7.6800,-257.4440,1.0000,1.9444,0.0000
7.6827,-257.5440,1.0000,1.9444,0.0000
7.6853,-257.6439,1.0000,1.9444,0.0000
7.6879,-257.7439,1.0000,1.9444,0.0000
7.6906,-257.8439,1.0000,1.9444,0.0000
7.6932,-257.9438,1.0000,1.9444,0.0000
7.6959,-258.0438,1.0000,1.9444,0.0000
7.6985,-258.1438,1.0000,1.9444,0.0000
7.7011,-258.2437,1.0000,1.9444,0.0000
7.7038,-258.3437,1.0000,1.9444,0.0000
7.7064,-258.4437,1.0000,1.9444,0.0000
7.7091,-258.5436,1.0000,1.9444,0.0000
7.7117,-258.6436,1.0000,1.9444,0.0000
7.7143,-258.7436,1.0000,1.9444,0.0000
7.7170,-258.8435,1.0000,1.9444,0.0000
7.7196,-258.9435,1.0000,1.9444,0.0000
7.7223,-259.0435,1.0000,1.9444,0.0000
7.7249,-259.1434,1.0000,1.9444,0.0000
7.7275,-259.2434,1.0000,1.9444,0.0000
7.7302,-259.3434,1.0000,1.9444,0.0000
7.7328,-259.4433,1.0000,1.9444,0.0000
7.7355,-259.5433,1.0000,1.9444,0.0000
7.7381,-259.6432,1.0000,1.9444,0.0000
7.7407,-259.7432,1.0000,1.9444,0.0000
7.7434,-259.8432,1.0000,1.9444,0.0000
7.7460,-259.9431,1.0000,1.9444,0.0000
7.7487,-260.0431,1.0000,1.9444,0.0000
7.7513,-260.1431,1.0000,1.9444,0.0000
7.7539,-260.2430,1.0000,1.9444,0.0001
7.7566,-260.3430,1.0000,1.9444,0.0001
7.7592,-260.4430,1.0000,1.9444,0.0001
7.7619,-260.5429,1.0000,1.9444,0.0002
7.7645,-260.6429,1.0000,1.9444,0.0002
7.7671,-260.7429,1.0000,1.9444,0.0002
7.7698,-260.8428,1.0000,1.9444,0.0003
7.7724,-260.9428,1.0000,1.9444,0.0004
7.7751,-261.0428,1.0000,1.9444,0.0005
7.7777,-261.1427,1.0000,1.9444,0.0007
7.7803,-261.2427,1.0000,1.9444,0.0009
7.7830,-261.3427,1.0000,1.9444,0.0013
7.7856,-261.4426,1.0000,1.9444,0.0017
7.7883,-261.5426,1.0000,1.9444,0.0023
7.7909,-261.6425,1.0000,1.9444,0.0030
7.7935,-261.7425,1.0000,1.9444,0.0039
7.7962,-261.8425,1.0000,1.9444,0.0047
7.7988,-261.9424,1.0000,1.9444,0.0056
7.8015,-262.0424,1.0000,1.9444,0.0064
7.8041,-262.1424,1.0000,1.9444,0.0071
7.8067,-262.2423,1.0000,1.9444,0.0076
7.8094,-262.3423,1.0000,1.9444,0.0080
7.8120,-262.4423,1.0000,1.9444,0.0080
7.8147,-262.5422,1.0000,1.9444,0.0083
7.8173,-262.6422,1.0000,1.9444,0.0088
7.8199,-262.7422,1.0000,1.9444,0.0096
7.8226,-262.8421,1.0000,1.9444,0.0105
7.8253,-262.9421,1.0000,1.9444,0.0116
7.8279,-263.0421,1.0000,1.9444,0.0126
7.8305,-263.1420,1.0000,1.9444,0.0137
7.8331,-263.2420,1.0000,1.9444,0.0147
7.8356,-263.3419,1.0000,1.9444,0.0156
7.8381,-263.4419,1.0000,1.9444,0.0163
7.8405,-263.5419,1.0000,1.9444,0.0168
7.8429,-263.6419,1.0000,1.9444,0.0171
7.8452,-263.7418,1.0000,1.9444,0.0173
7.8475,-263.8418,1.0000,1.9444,0.0174
7.8500,-263.9418,1.0000,1.9444,0.0175
7.8527,-264.0417,1.0000,1.9444,0.0175
7.8552,-264.1417,1.0000,1.9444,0.0175
7.8574,-264.2417,1.0000,1.9444,0.0176
7.8590,-264.3417,1.0000,1.9444,0.0176
7.8599,-264.4417,1.0000,1.9444,0.0177
7.8599,-264.5417,1.0000,1.9444,0.0177
7.8592,-264.6417,1.0000,1.9444,0.0177
7.8576,-264.7416,1.0000,1.9444,0.0177
7.8552,-264.8416,1.0000,1.9444,0.0177
7.8516,-264.9416,1.0000,1.9444,0.0177
7.8472,-265.0415,1.0000,1.9444,0.0177
7.8432,-265.1414,1.0000,1.9444,0.0177
7.8401,-265.2413,1.0000,1.9444,0.0177
7.8382,-265.3413,1.0000,1.9444,0.0176
7.8377,-265.4413,1.0000,1.9444,0.0176
7.8382,-265.5413,1.0000,1.9444,0.0176
7.8398,-265.6413,1.0000,1.9444,0.0175
7.8424,-265.7413,1.0000,1.9444,0.0175
7.8458,-265.8412,1.0000,1.9444,0.0175
7.8499,-265.9411,1.0000,1.9444,0.0174
7.8542,-266.0410,1.0000,1.9444,0.0173
7.8584,-266.1409,1.0000,1.9444,0.0172
7.8621,-266.2409,1.0000,1.9444,0.0170
7.8651,-266.3408,1.0000,1.9444,0.0168
7.8681,-266.4408,1.0000,1.9444,0.0164
7.8713,-266.5407,1.0000,1.9444,0.0160
7.8746,-266.6407,1.0000,1.9444,0.0154
7.8778,-266.7406,1.0000,1.9444,0.0147
7.8811,-266.8406,1.0000,1.9444,0.0139
7.8843,-266.9405,1.0000,1.9444,0.0130
7.8876,-267.0405,1.0000,1.9444,0.0121
7.8908,-267.1404,1.0000,1.9444,0.0113
7.8941,-267.2404,1.0000,1.9444,0.0106
7.8973,-267.3403,1.0000,1.9444,0.0101
7.9006,-267.4402,1.0000,1.9444,0.0098
7.9038,-267.5402,1.0000,1.9444,0.0097
7.9071,-267.6401,1.0000,1.9444,0.0094
7.9103,-267.7401,1.0000,1.9444,0.0089
7.9135,-267.8400,1.0000,1.9444,0.0081
7.9168,-267.9400,1.0000,1.9444,0.0072
7.9200,-268.0399,1.0000,1.9444,0.0062
7.9233,-268.1399,1.0000,1.9444,0.0051
7.9265,-268.2398,1.0000,1.9444,0.0040
7.9298,-268.3398,1.0000,1.9444,0.0030
7.9330,-268.4397,1.0000,1.9444,0.0022
7.9363,-268.5397,1.0000,1.9444,0.0015
7.9395,-268.6396,1.0000,1.9444,0.0009
7.9428,-268.7396,1.0000,1.9444,0.0006
7.9460,-268.8395,1.0000,1.9444,0.0004
7.9493,-268.9395,1.0000,1.9444,0.0003
7.9525,-269.0394,1.0000,1.9444,0.0003
7.9558,-269.1393,1.0000,1.9444,0.0003
7.9590,-269.2393,1.0000,1.9444,0.0002
7.9623,-269.3392,1.0000,1.9444,0.0002
7.9655,-269.4392,1.0000,1.9444,0.0001
7.9688,-269.5392,1.0000,1.9444,0.0001
7.9720,-269.6391,1.0000,1.9444,0.0001
7.9752,-269.7390,1.0000,1.9444,0.0000
7.9785,-269.8390,1.0000,1.9444,0.0000
7.9817,-269.9389,1.0000,1.9444,0.0000
7.9850,-270.0389,1.0000,1.9444,0.0000
7.9882,-270.1388,1.0000,1.9444,0.0000
7.9915,-270.2388,1.0000,1.9444,0.0000
7.9947,-270.3387,1.0000,1.9444,0.0000
7.9980,-270.4387,1.0000,1.9444,0.0000
8.0012,-270.5386,1.0000,1.9444,0.0000
8.0045,-270.6385,1.0000,1.9444,0.0000
8.0077,-270.7385,1.0000,1.9444,0.0000
8.0110,-270.8385,1.0000,1.9444,0.0000
8.0142,-270.9384,1.0000,1.9444,0.0000
8.0175,-271.0384,1.0000,1.9444,0.0000
8.0207,-271.1383,1.0000,1.9444,0.0000
8.0240,-271.2383,1.0000,1.9444,0.0000
8.0272,-271.3382,1.0000,1.9444,0.0000
8.0305,-271.4381,1.0000,1.9444,0.0000
8.0337,-271.5381,1.0000,1.9444,0.0000
8.0370,-271.6380,1.0000,1.9444,0.0000
8.0402,-271.7380,1.0000,1.9444,0.0000
8.0434,-271.8379,1.0000,1.9444,0.0001
8.0467,-271.9379,1.0000,1.9444,0.0001
8.0499,-272.0378,1.0000,1.9444,0.0001
8.0532,-272.1378,1.0000,1.9444,0.0002
8.0564,-272.2377,1.0000,1.9444,0.0003
8.0597,-272.3377,1.0000,1.9444,0.0004
8.0629,-272.4376,1.0000,1.9444,0.0005
8.0662,-272.5376,1.0000,1.9444,0.0007
8.0694,-272.6375,1.0000,1.9444,0.0009
8.0727,-272.7375,1.0000,1.9444,0.0011
8.0759,-272.8374,1.0000,1.9444,0.0013
8.0792,-272.9373,1.0000,1.9444,0.0015
8.0824,-273.0373,1.0000,1.9444,0.0017
8.0857,-273.1372,1.0000,1.9444,0.0018
8.0889,-273.2372,1.0000,1.9444,0.0020
8.0922,-273.3371,1.0000,1.9444,0.0021
8.0954,-273.4371,1.0000,1.9444,0.0022
8.0987,-273.5370,1.0000,1.9444,0.0023
8.1019,-273.6370,1.0000,1.9444,0.0023
8.1052,-273.7369,1.0000,1.9444,0.0023
8.1084,-273.8369,1.0000,1.9444,0.0024
8.1116,-273.9368,1.0000,1.9444,0.0024
8.1149,-274.0368,1.0000,1.9444,0.0024
8.1181,-274.1367,1.0000,1.9444,0.0024
8.1214,-274.2367,1.0000,1.9444,0.0024
8.1246,-274.3366,1.0000,1.9444,0.0024
8.1279,-274.4366,1.0000,1.9444,0.0024
8.1311,-274.5365,1.0000,1.9444,0.0024
8.1344,-274.6364,1.0000,1.9444,0.0024
8.1376,-274.7364,1.0000,1.9444,0.0024
8.1410,-274.8363,1.0000,1.9444,0.0024
8.1444,-274.9363,1.0000,1.9444,0.0024
8.1476,-275.0362,1.0000,1.9444,0.0024
8.1507,-275.1362,1.0000,1.9444,0.0024
8.1537,-275.2361,1.0000,1.9444,0.0024
8.1565,-275.3361,1.0000,1.9444,0.0024
8.1591,-275.4361,1.0000,1.9444,0.0024
8.1615,-275.5360,1.0000,1.9444,0.0024
8.1638,-275.6360,1.0000,1.9444,0.0024
8.1659,-275.7360,1.0000,1.9444,0.0024
8.1679,-275.8360,1.0000,1.9444,0.0024
8.1699,-275.9359,1.0000,1.9444,0.0024
8.1718,-276.0359,1.0000,1.9444,0.0024
8.1738,-276.1359,1.0000,1.9444,0.0024
8.1759,-276.2359,1.0000,1.9444,0.0024
8.1780,-276.3359,1.0000,1.9444,0.0024
8.1801,-276.4359,1.0000,1.9444,0.0024
8.1822,-276.5358,1.0000,1.9444,0.0024
8.1843,-276.6358,1.0000,1.9444,0.0024
8.1863,-276.7358,1.0000,1.9444,0.0024
8.1884,-276.8358,1.0000,1.9444,0.0023
8.1905,-276.9357,1.0000,1.9444,0.0023
8.1926,-277.0357,1.0000,1.9444,0.0023
8.1946,-277.1357,1.0000,1.9444,0.0023
8.1967,-277.2357,1.0000,1.9444,0.0022
8.1988,-277.3357,1.0000,1.9444,0.0021
8.2009,-277.4356,1.0000,1.9444,0.0020
8.2030,-277.5356,1.0000,1.9444,0.0019
8.2050,-277.6356,1.0000,1.9444,0.0017
8.2071,-277.7356,1.0000,1.9444,0.0015
8.2092,-277.8355,1.0000,1.9444,0.0013
8.2113,-277.9355,1.0000,1.9444,0.0011
8.2133,-278.0355,1.0000,1.9444,0.0009
8.2154,-278.1355,1.0000,1.9444,0.0007
8.2175,-278.2354,1.0000,1.9444,0.0006
8.2196,-278.3354,1.0000,1.9444,0.0004
8.2217,-278.4354,1.0000,1.9444,0.0003
8.2237,-278.5354,1.0000,1.9444,0.0002
8.2258,-278.6354,1.0000,1.9444,0.0001
8.2279,-278.7354,1.0000,1.9444,0.0001
8.2300,-278.8353,1.0000,1.9444,0.0000
8.2320,-278.9353,1.0000,1.9444,0.0000
8.2341,-279.0353,1.0000,1.9444,0.0000
8.2362,-279.1353,1.0000,1.9444,0.0000
8.2383,-279.2352,1.0000,1.9444,0.0000
8.2404,-279.3352,1.0000,1.9444,0.0000
8.2424,-279.4352,1.0000,1.9444,0.0000
8.2445,-279.5352,1.0000,1.9444,0.0000
8.2466,-279.6352,1.0000,1.9444,0.0000
8.2487,-279.7351,1.0000,1.9444,0.0000
8.2507,-279.8351,1.0000,1.9444,0.0000
8.2528,-279.9351,1.0000,1.9444,0.0000
8.2549,-280.0351,1.0000,1.9444,0.0000
8.2570,-280.1350,1.0000,1.9444,0.0000
8.2591,-280.2350,1.0000,1.9444,0.0000
8.2611,-280.3350,1.0000,1.9444,0.0000
8.2632,-280.4350,1.0000,1.9444,0.0000
8.2653,-280.5350,1.0000,1.9444,0.0000
8.2674,-280.6349,1.0000,1.9444,0.0000
8.2694,-280.7349,1.0000,1.9444,0.0000
8.2715,-280.8349,1.0000,1.9444,0.0000
8.2736,-280.9349,1.0000,1.9444,0.0000
8.2757,-281.0349,1.0000,1.9444,0.0000
8.2778,-281.1348,1.0000,1.9444,0.0000
8.2798,-281.2348,1.0000,1.9444,0.0000
8.2819,-281.3348,1.0000,1.9444,0.0000
8.2840,-281.4348,1.0000,1.9444,0.0000
8.2861,-281.5347,1.0000,1.9444,0.0000
8.2882,-281.6347,1.0000,1.9444,0.0000
8.2902,-281.7347,1.0000,1.9444,0.0000
8.2923,-281.8347,1.0000,1.9444,0.0000
8.2944,-281.9347,1.0000,1.9444,0.0000
8.2965,-282.0346,1.0000,1.9444,0.0000
8.2985,-282.1346,1.0000,1.9444,0.0000
8.3006,-282.2346,1.0000,1.9444,0.0000
8.3027,-282.3346,1.0000,1.9444,0.0000
8.3048,-282.4345,1.0000,1.9444,0.0000
8.3069,-282.5345,1.0000,1.9444,0.0000
8.3089,-282.6345,1.0000,1.9444,0.0000
8.3110,-282.7345,1.0000,1.9444,0.0000
8.3131,-282.8345,1.0000,1.9444,0.0000
8.3152,-282.9344,1.0000,1.9444,0.0000
8.3172,-283.0344,1.0000,1.9444,0.0000
8.3193,-283.1344,1.0000,1.9444,0.0000
8.3214,-283.2344,1.0000,1.9444,0.0000
8.3235,-283.3344,1.0000,1.9444,0.0000
8.3256,-283.4343,1.0000,1.9444,0.0000
8.3276,-283.5343,1.0000,1.9444,0.0000
8.3297,-283.6343,1.0000,1.9444,0.0000
8.3318,-283.7343,1.0000,1.9444,0.0000
8.3339,-283.8343,1.0000,1.9444,0.0000
8.3359,-283.9342,1.0000,1.9444,0.0000
8.3380,-284.0342,1.0000,1.9444,0.0000
8.3401,-284.1342,1.0000,1.9444,0.0000
8.3422,-284.2342,1.0000,1.9444,0.0000
8.3443,-284.3341,1.0000,1.9444,0.0000
8.3463,-284.4341,1.0000,1.9444,0.0000
8.3484,-284.5341,1.0000,1.9444,0.0000
8.3505,-284.6341,1.0000,1.9444,0.0000
8.3526,-284.7340,1.0000,1.9444,0.0000
8.3546,-284.8340,1.0000,1.9444,0.0000
8.3567,-284.9340,1.0000,1.9444,0.0000
8.3588,-285.0340,1.0000,1.9444,0.0000
8.3609,-285.1340,1.0000,1.9444,0.0000
8.3630,-285.2339,1.0000,1.9444,0.0000
8.3650,-285.3339,1.0000,1.9444,0.0000
8.3671,-285.4339,1.0000,1.9444,0.0000
8.3692,-285.5339,1.0000,1.9444,0.0000
8.3713,-285.6339,1.0000,1.9444,0.0000
8.3733,-285.7338,1.0000,1.9444,0.0000
8.3754,-285.8338,1.0000,1.9444,0.0000
8.3775,-285.9338,1.0000,1.9444,0.0000
8.3796,-286.0338,1.0000,1.9444,0.0000
8.3817,-286.1338,1.0000,1.9444,0.0000
8.3837,-286.2337,1.0000,1.9444,0.0000
8.3858,-286.3337,1.0000,1.9444,0.0000
8.3879,-286.4337,1.0000,1.9444,0.0000
8.3900,-286.5337,1.0000,1.9444,0.0000
8.3920,-286.6336,1.0000,1.9444,0.0000
8.3941,-286.7336,1.0000,1.9444,0.0000
8.3962,-286.8336,1.0000,1.9444,0.0000
8.3983,-286.9336,1.0000,1.9444,0.0000
8.4004,-287.0336,1.0000,1.9444,0.0000
8.4024,-287.1335,1.0000,1.9444,0.0000
8.4045,-287.2335,1.0000,1.9444,0.0000
8.4066,-287.3335,1.0000,1.9444,0.0000
8.4087,-287.4335,1.0000,1.9444,0.0000
8.4108,-287.5334,1.0000,1.9444,0.0000
8.4128,-287.6334,1.0000,1.9444,0.0000
8.4149,-287.7334,1.0000,1.9444,0.0000
8.4170,-287.8334,1.0000,1.9444,0.0000
8.4191,-287.9333,1.0000,1.9444,0.0000
8.4211,-288.0333,1.0000,1.9444,0.0000
8.4232,-288.1333,1.0000,1.9444,0.0000
8.4253,-288.2333,1.0000,1.9444,0.0000
8.4274,-288.3333,1.0000,1.9444,0.0000
8.4295,-288.4333,1.0000,1.9444,0.0000
8.4315,-288.5332,1.0000,1.9444,0.0000
8.4336,-288.6332,1.0000,1.9444,0.0000
8.4357,-288.7332,1.0000,1.9444,0.0000
8.4378,-288.8332,1.0000,1.9444,0.0000
8.4398,-288.9331,1.0000,1.9444,0.0000
8.4419,-289.0331,1.0000,1.9444,0.0000
8.4440,-289.1331,1.0000,1.9444,0.0000
8.4461,-289.2331,1.0000,1.9444,0.0000
8.4482,-289.3331,1.0000,1.9444,0.0000
8.4502,-289.4330,1.0000,1.9444,0.0000
8.4523,-289.5330,1.0000,1.9444,0.0000
8.4544,-289.6330,1.0000,1.9444,0.0000
8.4565,-289.7330,1.0000,1.9444,0.0000
8.4585,-289.8329,1.0000,1.9444,0.0000
8.4606,-289.9329,1.0000,1.9444,0.0000
8.4627,-290.0329,1.0000,1.9444,0.0000
8.4648,-290.1329,1.0000,1.9444,0.0000
8.4669,-290.2329,1.0000,1.9444,0.0000
8.4689,-290.3329,1.0000,1.9444,0.0000
8.4710,-290.4328,1.0000,1.9444,0.0000
8.4731,-290.5328,1.0000,1.9444,0.0000
8.4752,-290.6328,1.0000,1.9444,0.0000
8.4772,-290.7328,1.0000,1.9444,0.0000
8.4793,-290.8327,1.0000,1.9444,0.0000
8.4814,-290.9327,1.0000,1.9444,0.0000
8.4835,-291.0327,1.0000,1.9444,0.0000
8.4856,-291.1327,1.0000,1.9444,0.0000
8.4876,-291.2326,1.0000,1.9444,0.0000
8.4897,-291.3326,1.0000,1.9444,0.0000
8.4918,-291.4326,1.0000,1.9444,0.0000
8.4939,-291.5326,1.0000,1.9444,0.0000
8.4959,-291.6326,1.0000,1.9444,0.0000
8.4980,-291.7325,1.0000,1.9444,0.0000
8.5001,-291.8325,1.0000,1.9444,0.0000
8.5022,-291.9325,1.0000,1.9444,0.0000
8.5043,-292.0325,1.0000,1.9444,0.0000
8.5063,-292.1324,1.0000,1.9444,0.0000
8.5084,-292.2324,1.0000,1.9444,0.0000
8.5105,-292.3324,1.0000,1.9444,0.0000
8.5126,-292.4324,1.0000,1.9444,0.0000
8.5146,-292.5324,1.0000,1.9444,0.0000
8.5167,-292.6324,1.0000,1.9444,0.0000
8.5188,-292.7323,1.0000,1.9444,0.0000
8.5209,-292.8323,1.0000,1.9444,0.0000
8.5230,-292.9323,1.0000,1.9444,0.0000
8.5250,-293.0323,1.0000,1.9444,0.0000
8.5271,-293.1322,1.0000,1.9444,0.0000
8.5292,-293.2322,1.0000,1.9444,0.0000
8.5313,-293.3322,1.0000,1.9444,0.0000
8.5334,-293.4322,1.0000,1.9444,0.0000
8.5354,-293.5322,1.0000,1.9444,0.0000
8.5375,-293.6321,1.0000,1.9444,0.0000
8.5396,-293.7321,1.0000,1.9444,0.0000
8.5417,-293.8321,1.0000,1.9444,0.0000
8.5437,-293.9321,1.0000,1.9444,0.0000
8.5458,-294.0320,1.0000,1.9444,0.0000
8.5479,-294.1320,1.0000,1.9444,0.0000
8.5500,-294.2320,1.0000,1.9444,0.0000
8.5521,-294.3320,1.0000,1.9444,0.0000
8.5541,-294.4319,1.0000,1.9444,0.0000
8.5562,-294.5319,1.0000,1.9444,0.0000
8.5583,-294.6319,1.0000,1.9444,0.0000
8.5604,-294.7319,1.0000,1.9444,0.0000
8.5624,-294.8319,1.0000,1.9444,0.0000
8.5645,-294.9319,1.0000,1.9444,0.0000
8.5666,-295.0318,1.0000,1.9444,0.0000
8.5687,-295.1318,1.0000,1.9444,0.0000
8.5708,-295.2318,1.0000,1.9444,0.0000
8.5728,-295.3318,1.0000,1.9444,0.0000
8.5749,-295.4317,1.0000,1.9444,0.0000
8.5770,-295.5317,1.0000,1.9444,0.0000
8.5791,-295.6317,1.0000,1.9444,0.0000
8.5811,-295.7317,1.0000,1.9444,0.0000
8.5832,-295.8317,1.0000,1.9444,0.0000
8.5853,-295.9316,1.0000,1.9444,0.0000
8.5874,-296.0316,1.0000,1.9444,0.0000
8.5895,-296.1316,1.0000,1.9444,0.0000
8.5915,-296.2316,1.0000,1.9444,0.0000
8.5936,-296.3315,1.0000,1.9444,0.0000
8.5957,-296.4315,1.0000,1.9444,0.0000
8.5978,-296.5315,1.0000,1.9444,0.0000
8.5998,-296.6315,1.0000,1.9444,0.0000
8.6019,-296.7315,1.0000,1.9444,0.0000
8.6040,-296.8315,1.0000,1.9444,0.0000
8.6061,-296.9314,1.0000,1.9444,0.0000
8.6082,-297.0314,1.0000,1.9444,0.0000
8.6102,-297.1314,1.0000,1.9444,0.0000
8.6123,-297.2314,1.0000,1.9444,0.0000
8.6144,-297.3313,1.0000,1.9444,0.0000
8.6165,-297.4313,1.0000,1.9444,0.0000
8.6185,-297.5313,1.0000,1.9444,0.0000
8.6206,-297.6313,1.0000,1.9444,0.0000
8.6227,-297.7312,1.0000,1.9444,0.0000
8.6248,-297.8312,1.0000,1.9444,0.0000
8.6269,-297.9312,1.0000,1.9444,0.0000
8.6289,-298.0312,1.0000,1.9444,0.0000
8.6310,-298.1312,1.0000,1.9444,0.0000
8.6331,-298.2311,1.0000,1.9444,0.0000
8.6352,-298.3311,1.0000,1.9444,0.0000
8.6372,-298.4311,1.0000,1.9444,0.0000
8.6393,-298.5311,1.0000,1.9444,0.0000
8.6414,-298.6310,1.0000,1.9444,0.0000
8.6435,-298.7310,1.0000,1.9444,0.0000
8.6456,-298.8310,1.0000,1.9444,0.0000
8.6476,-298.9310,1.0000,1.9444,0.0000
8.6497,-299.0310,1.0000,1.9444,0.0000
8.6518,-299.1310,1.0000,1.9444,0.0000
8.6539,-299.2309,1.0000,1.9444,0.0000
8.6560,-299.3309,1.0000,1.9444,0.0000
8.6580,-299.4309,1.0000,1.9444,0.0000
8.6601,-299.5309,1.0000,1.9444,0.0000
8.6622,-299.6308,1.0000,1.9444,0.0000
8.6643,-299.7308,1.0000,1.9444,0.0000
8.6663,-299.8308,1.0000,1.9444,0.0000
8.6684,-299.9308,1.0000,1.9444,0.0000
8.6705,-300.0308,1.0000,1.9444,0.0000
8.6726,-300.1307,1.0000,1.9444,0.0000
8.6747,-300.2307,1.0000,1.9444,0.0000
8.6767,-300.3307,1.0000,1.9444,0.0000
8.6788,-300.4307,1.0000,1.9444,0.0000
8.6809,-300.5306,1.0000,1.9444,0.0000
8.6830,-300.6306,1.0000,1.9444,0.0000
8.6850,-300.7306,1.0000,1.9444,0.0000
8.6871,-300.8306,1.0000,1.9444,0.0000
8.6892,-300.9305,1.0000,1.9444,0.0000
8.6913,-301.0305,1.0000,1.9444,0.0000
8.6934,-301.1305,1.0000,1.9444,0.0000
8.6954,-301.2305,1.0000,1.9444,0.0000
8.6975,-301.3305,1.0000,1.9444,0.0000
8.6996,-301.4305,1.0000,1.9444,0.0000
8.7017,-301.5304,1.0000,1.9444,0.0000
8.7037,-301.6304,1.0000,1.9444,0.0000
8.7058,-301.7304,1.0000,1.9444,0.0000
8.7079,-301.8304,1.0000,1.9444,0.0000
8.7100,-301.9303,1.0000,1.9444,0.0000
8.7121,-302.0303,1.0000,1.9444,0.0000
8.7141,-302.1303,1.0000,1.9444,0.0000
8.7162,-302.2303,1.0000,1.9444,0.0000
8.7183,-302.3303,1.0000,1.9444,0.0000
8.7204,-302.4302,1.0000,1.9444,0.0000
8.7224,-302.5302,1.0000,1.9444,0.0000
8.7245,-302.6302,1.0000,1.9444,0.0000
8.7266,-302.7302,1.0000,1.9444,0.0000
8.7287,-302.8301,1.0000,1.9444,0.0000
8.7308,-302.9301,1.0000,1.9444,0.0000
8.7328,-303.0301,1.0000,1.9444,0.0000
8.7349,-303.1301,1.0000,1.9444,0.0000
8.7370,-303.2301,1.0000,1.9444,0.0000
8.7391,-303.3300,1.0000,1.9444,0.0000
8.7411,-303.4300,1.0000,1.9444,0.0000
8.7432,-303.5300,1.0000,1.9444,0.0000
8.7453,-303.6300,1.0000,1.9444,0.0000
8.7474,-303.7299,1.0000,1.9444,0.0000
8.7495,-303.8299,1.0000,1.9444,0.0000
8.7515,-303.9299,1.0000,1.9444,0.0000
8.7536,-304.0299,1.0000,1.9444,0.0000
8.7557,-304.1299,1.0000,1.9444,0.0000
8.7578,-304.2298,1.0000,1.9444,0.0000
8.7598,-304.3298,1.0000,1.9444,0.0000
8.7619,-304.4298,1.0000,1.9444,0.0000
8.7640,-304.5298,1.0000,1.9444,0.0000
8.7661,-304.6298,1.0000,1.9444,0.0000
8.7682,-304.7297,1.0000,1.9444,0.0000
8.7702,-304.8297,1.0000,1.9444,0.0000
8.7723,-304.9297,1.0000,1.9444,0.0000
8.7744,-305.0297,1.0000,1.9444,0.0000
8.7765,-305.1296,1.0000,1.9444,0.0000
8.7786,-305.2296,1.0000,1.9444,0.0000
8.7806,-305.3296,1.0000,1.9444,0.0000
8.7827,-305.4296,1.0000,1.9444,0.0000
8.7848,-305.5296,1.0000,1.9444,0.0000
8.7869,-305.6295,1.0000,1.9444,0.0000
8.7889,-305.7295,1.0000,1.9444,0.0000
8.7910,-305.8295,1.0000,1.9444,0.0000
8.7931,-305.9295,1.0000,1.9444,0.0000
8.7952,-306.0294,1.0000,1.9444,0.0000
8.7973,-306.1294,1.0000,1.9444,0.0000
8.7993,-306.2294,1.0000,1.9444,0.0000
8.8014,-306.3294,1.0000,1.9444,0.0000
8.8035,-306.4294,1.0000,1.9444,0.0000
8.8056,-306.5294,1.0000,1.9444,0.0000
8.8076,-306.6293,1.0000,1.9444,0.0000
8.8097,-306.7293,1.0000,1.9444,0.0000
8.8118,-306.8293,1.0000,1.9444,0.0000
8.8139,-306.9293,1.0000,1.9444,0.0000
8.8160,-307.0292,1.0000,1.9444,0.0000
8.8180,-307.1292,1.0000,1.9444,0.0000
8.8201,-307.2292,1.0000,1.9444,0.0000
8.8222,-307.3292,1.0000,1.9444,0.0000
8.8243,-307.4291,1.0000,1.9444,0.0000
8.8263,-307.5291,1.0000,1.9444,0.0000
8.8284,-307.6291,1.0000,1.9444,0.0000
8.8305,-307.7291,1.0000,1.9444,0.0000
8.8326,-307.8291,1.0000,1.9444,0.0000
8.8347,-307.9290,1.0000,1.9444,0.0000
8.8367,-308.0290,1.0000,1.9444,0.0000
8.8388,-308.1290,1.0000,1.9444,0.0000
8.8409,-308.2290,1.0000,1.9444,0.0000
8.8430,-308.3289,1.0000,1.9444,0.0000
8.8450,-308.4289,1.0000,1.9444,0.0000
8.8471,-308.5289,1.0000,1.9444,0.0000
8.8492,-308.6289,1.0000,1.9444,0.0000
8.8513,-308.7289,1.0000,1.9444,0.0000
8.8534,-308.8289,1.0000,1.9444,0.0000
8.8554,-308.9288,1.0000,1.9444,0.0000
8.8575,-309.0288,1.0000,1.9444,0.0000
8.8596,-309.1288,1.0000,1.9444,0.0000
8.8617,-309.2288,1.0000,1.9444,0.0000
8.8637,-309.3287,1.0000,1.9444,0.0000
8.8658,-309.4287,1.0000,1.9444,0.0000
8.8679,-309.5287,1.0000,1.9444,0.0000
8.8700,-309.6287,1.0000,1.9444,0.0000
8.8721,-309.7287,1.0000,1.9444,0.0000
8.8741,-309.8286,1.0000,1.9444,0.0000
8.8762,-309.9286,1.0000,1.9444,0.0000
8.8783,-310.0286,1.0000,1.9444,0.0000
8.8804,-310.1286,1.0000,1.9444,0.0000
8.8824,-310.2285,1.0000,1.9444,0.0000
8.8845,-310.3285,1.0000,1.9444,0.0000
8.8866,-310.4285,1.0000,1.9444,0.0000
8.8887,-310.5285,1.0000,1.9444,0.0000
8.8908,-310.6284,1.0000,1.9444,0.0000
8.8928,-310.7284,1.0000,1.9444,0.0000
8.8949,-310.8284,1.0000,1.9444,0.0000
8.8970,-310.9284,1.0000,1.9444,0.0000
8.8991,-311.0284,1.0000,1.9444,0.0000
8.9012,-311.1284,1.0000,1.9444,0.0000
8.9032,-311.2283,1.0000,1.9444,0.0000
8.9053,-311.3283,1.0000,1.9444,0.0000
8.9074,-311.4283,1.0000,1.9444,0.0000
8.9095,-311.5283,1.0000,1.9444,0.0000
8.9115,-311.6282,1.0000,1.9444,0.0000
8.9136,-311.7282,1.0000,1.9444,0.0000
8.9157,-311.8282,1.0000,1.9444,0.0000
8.9178,-311.9282,1.0000,1.9444,0.0000
8.9199,-312.0282,1.0000,1.9444,0.0000
8.9219,-312.1281,1.0000,1.9444,0.0000
8.9240,-312.2281,1.0000,1.9444,0.0000
8.9261,-312.3281,1.0000,1.9444,0.0000
8.9282,-312.4281,1.0000,1.9444,0.0000
8.9302,-312.5280,1.0000,1.9444,0.0000
8.9323,-312.6280,1.0000,1.9444,0.0000
8.9344,-312.7280,1.0000,1.9444,0.0000
8.9365,-312.8280,1.0000,1.9444,0.0000
8.9386,-312.9280,1.0000,1.9444,0.0000
8.9406,-313.0280,1.0000,1.9444,0.0000
8.9427,-313.1279,1.0000,1.9444,0.0000
8.9448,-313.2279,1.0000,1.9444,0.0000
8.9469,-313.3279,1.0000,1.9444,0.0000
8.9489,-313.4279,1.0000,1.9444,0.0000
8.9510,-313.5278,1.0000,1.9444,0.0000
8.9531,-313.6278,1.0000,1.9444,0.0000
8.9552,-313.7278,1.0000,1.9444,0.0000
8.9573,-313.8278,1.0000,1.9444,0.0000
8.9593,-313.9277,1.0000,1.9444,0.0000
8.9614,-314.0277,1.0000,1.9444,0.0000
8.9635,-314.1277,1.0000,1.9444,0.0000
8.9656,-314.2277,1.0000,1.9444,0.0000
8.9676,-314.3277,1.0000,1.9444,0.0000
8.9697,-314.4276,1.0000,1.9444,0.0000
8.9718,-314.5276,1.0000,1.9444,0.0000
8.9739,-314.6276,1.0000,1.9444,0.0000
8.9760,-314.7276,1.0000,1.9444,0.0000
8.9780,-314.8275,1.0000,1.9444,0.0000
8.9801,-314.9275,1.0000,1.9444,0.0000
8.9822,-315.0275,1.0000,1.9444,0.0000
8.9843,-315.1275,1.0000,1.9444,0.0000
8.9863,-315.2275,1.0000,1.9444,0.0000
8.9884,-315.3275,1.0000,1.9444,0.0000
8.9905,-315.4274,1.0000,1.9444,0.0000
8.9926,-315.5274,1.0000,1.9444,0.0000
8.9947,-315.6274,1.0000,1.9444,0.0000
8.9967,-315.7274,1.0000,1.9444,0.0000
8.9988,-315.8273,1.0000,1.9444,0.0000
9.0009,-315.9273,1.0000,1.9444,0.0000
9.0030,-316.0273,1.0000,1.9444,0.0000
9.0050,-316.1273,1.0000,1.9444,0.0000
9.0071,-316.2273,1.0000,1.9444,0.0000
9.0092,-316.3272,1.0000,1.9444,0.0000
9.0113,-316.4272,1.0000,1.9444,0.0000
9.0134,-316.5272,1.0000,1.9444,0.0000
9.0154,-316.6272,1.0000,1.9444,0.0000
9.0175,-316.7271,1.0000,1.9444,0.0000
9.0196,-316.8271,1.0000,1.9444,0.0000
9.0217,-316.9271,1.0000,1.9444,0.0000
9.0238,-317.0271,1.0000,1.9444,0.0000
9.0258,-317.1270,1.0000,1.9444,0.0000
9.0279,-317.2270,1.0000,1.9444,0.0000
9.0300,-317.3270,1.0000,1.9444,0.0000
9.0321,-317.4270,1.0000,1.9444,0.0000
9.0341,-317.5270,1.0000,1.9444,0.0000
9.0362,-317.6270,1.0000,1.9444,0.0000
9.0383,-317.7269,1.0000,1.9444,0.0000
9.0404,-317.8269,1.0000,1.9444,0.0000
9.0425,-317.9269,1.0000,1.9444,0.0000
9.0445,-318.0269,1.0000,1.9444,0.0000
9.0466,-318.1268,1.0000,1.9444,0.0000
9.0487,-318.2268,1.0000,1.9444,0.0000
9.0508,-318.3268,1.0000,1.9444,0.0000
9.0528,-318.4268,1.0000,1.9444,0.0000
9.0549,-318.5268,1.0000,1.9444,0.0000
9.0570,-318.6267,1.0000,1.9444,0.0000
9.0591,-318.7267,1.0000,1.9444,0.0000
9.0612,-318.8267,1.0000,1.9444,0.0000
9.0632,-318.9267,1.0000,1.9444,0.0000
9.0653,-319.0266,1.0000,1.9444,0.0000
9.0674,-319.1266,1.0000,1.9444,0.0000
9.0695,-319.2266,1.0000,1.9444,0.0000
9.0715,-319.3266,1.0000,1.9444,0.0000
9.0736,-319.4266,1.0000,1.9444,0.0000
9.0757,-319.5266,1.0000,1.9444,0.0000
9.0778,-319.6265,1.0000,1.9444,0.0000
9.0799,-319.7265,1.0000,1.9444,0.0000
9.0819,-319.8265,1.0000,1.9444,0.0000
9.0840,-319.9265,1.0000,1.9444,0.0000
9.0861,-320.0264,1.0000,1.9444,0.0000
9.0882,-320.1264,1.0000,1.9444,0.0000
9.0902,-320.2264,1.0000,1.9444,0.0000
9.0923,-320.3264,1.0000,1.9444,0.0000
9.0944,-320.4263,1.0000,1.9444,0.0000
9.0965,-320.5263,1.0000,1.9444,0.0000
9.0986,-320.6263,1.0000,1.9444,0.0000
9.1006,-320.7263,1.0000,1.9444,0.0000
9.1027,-320.8263,1.0000,1.9444,0.0000
9.1048,-320.9262,1.0000,1.9444,0.0000
9.1069,-321.0262,1.0000,1.9444,0.0000
9.1089,-321.1262,1.0000,1.9444,0.0000
9.1110,-321.2262,1.0000,1.9444,0.0000
9.1131,-321.3261,1.0000,1.9444,0.0000
9.1152,-321.4261,1.0000,1.9444,0.0000
9.1173,-321.5261,1.0000,1.9444,0.0000
9.1193,-321.6261,1.0000,1.9444,0.0000
9.1214,-321.7261,1.0000,1.9444,0.0000
9.1235,-321.8260,1.0000,1.9444,0.0000
9.1256,-321.9260,1.0000,1.9444,0.0000
9.1276,-322.0260,1.0000,1.9444,0.0000
9.1297,-322.1260,1.0000,1.9444,0.0000
9.1318,-322.2260,1.0000,1.9444,0.0000
9.1339,-322.3259,1.0000,1.9444,0.0000
9.1360,-322.4259,1.0000,1.9444,0.0000
9.1380,-322.5259,1.0000,1.9444,0.0000
9.1401,-322.6259,1.0000,1.9444,0.0000
9.1422,-322.7259,1.0000,1.9444,0.0000
9.1443,-322.8258,1.0000,1.9444,0.0000
9.1464,-322.9258,1.0000,1.9444,0.0000
9.1484,-323.0258,1.0000,1.9444,0.0000
9.1505,-323.1258,1.0000,1.9444,0.0000
9.1526,-323.2257,1.0000,1.9444,0.0000
9.1547,-323.3257,1.0000,1.9444,0.0000
9.1567,-323.4257,1.0000,1.9444,0.0000
9.1588,-323.5257,1.0000,1.9444,0.0000
9.1609,-323.6256,1.0000,1.9444,0.0000
9.1630,-323.7256,1.0000,1.9444,0.0000
9.1651,-323.8256,1.0000,1.9444,0.0000
9.1671,-323.9256,1.0000,1.9444,0.0000
9.1692,-324.0256,1.0000,1.9444,0.0000
9.1713,-324.1255,1.0000,1.9444,0.0000
9.1734,-324.2255,1.0000,1.9444,0.0000
9.1754,-324.3255,1.0000,1.9444,0.0000
9.1775,-324.4255,1.0000,1.9444,0.0000
9.1796,-324.5255,1.0000,1.9444,0.0000
9.1817,-324.6254,1.0000,1.9444,0.0000
9.1838,-324.7254,1.0000,1.9444,0.0000
9.1858,-324.8254,1.0000,1.9444,0.0000
9.1879,-324.9254,1.0000,1.9444,0.0000
9.1900,-325.0254,1.0000,1.9444,0.0000
9.1921,-325.1253,1.0000,1.9444,0.0000
9.1941,-325.2253,1.0000,1.9444,0.0000
9.1962,-325.3253,1.0000,1.9444,0.0000
9.1983,-325.4253,1.0000,1.9444,0.0000
9.2004,-325.5252,1.0000,1.9444,0.0000
9.2025,-325.6252,1.0000,1.9444,0.0000
9.2045,-325.7252,1.0000,1.9444,0.0000
9.2066,-325.8252,1.0000,1.9444,0.0000
9.2087,-325.9252,1.0000,1.9444,0.0000
9.2108,-326.0251,1.0000,1.9444,0.0000
9.2128,-326.1251,1.0000,1.9444,0.0000
9.2149,-326.2251,1.0000,1.9444,0.0000
9.2170,-326.3251,1.0000,1.9444,0.0000
9.2191,-326.4250,1.0000,1.9444,0.0000
9.2212,-326.5250,1.0000,1.9444,0.0000
9.2232,-326.6250,1.0000,1.9444,0.0000
9.2253,-326.7250,1.0000,1.9444,0.0000
9.2274,-326.8250,1.0000,1.9444,0.0000
9.2295,-326.9249,1.0000,1.9444,0.0000
9.2315,-327.0249,1.0000,1.9444,0.0000
9.2336,-327.1249,1.0000,1.9444,0.0000
9.2357,-327.2249,1.0000,1.9444,0.0000
9.2378,-327.3249,1.0000,1.9444,0.0000
9.2399,-327.4248,1.0000,1.9444,0.0000
9.2419,-327.5248,1.0000,1.9444,0.0000
9.2440,-327.6248,1.0000,1.9444,0.0000
9.2461,-327.7248,1.0000,1.9444,0.0000
9.2482,-327.8247,1.0000,1.9444,0.0000
9.2502,-327.9247,1.0000,1.9444,0.0000
9.2523,-328.0247,1.0000,1.9444,0.0000
9.2544,-328.1247,1.0000,1.9444,0.0000
9.2565,-328.2247,1.0000,1.9444,0.0000
9.2586,-328.3246,1.0000,1.9444,0.0000
9.2606,-328.4246,1.0000,1.9444,0.0000
9.2627,-328.5246,1.0000,1.9444,0.0000
9.2648,-328.6246,1.0000,1.9444,0.0000
9.2669,-328.7245,1.0000,1.9444,0.0000
9.2690,-328.8245,1.0000,1.9444,0.0000
9.2710,-328.9245,1.0000,1.9444,0.0000
9.2731,-329.0245,1.0000,1.9444,0.0000
9.2752,-329.1245,1.0000,1.9444,0.0000
9.2773,-329.2245,1.0000,1.9444,0.0000
9.2793,-329.3244,1.0000,1.9444,0.0000
9.2814,-329.4244,1.0000,1.9444,0.0000
9.2835,-329.5244,1.0000,1.9444,0.0000
9.2856,-329.6244,1.0000,1.9444,0.0000
9.2877,-329.7243,1.0000,1.9444,0.0000
9.2897,-329.8243,1.0000,1.9444,0.0000
9.2918,-329.9243,1.0000,1.9444,0.0000
9.2939,-330.0243,1.0000,1.9444,0.0000
9.2960,-330.1242,1.0000,1.9444,0.0000
9.2980,-330.2242,1.0000,1.9444,0.0000
9.3001,-330.3242,1.0000,1.9444,0.0000
9.3022,-330.4242,1.0000,1.9444,0.0000
9.3043,-330.5242,1.0000,1.9444,0.0000
9.3064,-330.6241,1.0000,1.9444,0.0000
9.3084,-330.7241,1.0000,1.9444,0.0000
9.3105,-330.8241,1.0000,1.9444,0.0000
9.3126,-330.9241,1.0000,1.9444,0.0000
9.3147,-331.0240,1.0000,1.9444,0.0000
9.3167,-331.1240,1.0000,1.9444,0.0000
9.3188,-331.2240,1.0000,1.9444,0.0000
9.3209,-331.3240,1.0000,1.9444,0.0000
9.3230,-331.4240,1.0000,1.9444,0.0000
9.3251,-331.5240,1.0000,1.9444,0.0000
9.3271,-331.6239,1.0000,1.9444,0.0000
9.3292,-331.7239,1.0000,1.9444,0.0000
9.3313,-331.8239,1.0000,1.9444,0.0000
9.3334,-331.9239,1.0000,1.9444,0.0000
9.3354,-332.0238,1.0000,1.9444,0.0000
9.3375,-332.1238,1.0000,1.9444,0.0000
9.3396,-332.2238,1.0000,1.9444,0.0000
9.3417,-332.3238,1.0000,1.9444,0.0000
9.3438,-332.4238,1.0000,1.9444,0.0000
9.3458,-332.5237,1.0000,1.9444,0.0000
9.3479,-332.6237,1.0000,1.9444,0.0000
9.3500,-332.7237,1.0000,1.9444,0.0000
9.3521,-332.8237,1.0000,1.9444,0.0000
9.3541,-332.9236,1.0000,1.9444,0.0000
9.3562,-333.0236,1.0000,1.9444,0.0000
9.3583,-333.1236,1.0000,1.9444,0.0000
9.3604,-333.2236,1.0000,1.9444,0.0000
9.3625,-333.3235,1.0000,1.9444,0.0000
9.3645,-333.4235,1.0000,1.9444,0.0000
9.3666,-333.5235,1.0000,1.9444,0.0000
9.3687,-333.6235,1.0000,1.9444,0.0000
9.3708,-333.7235,1.0000,1.9444,0.0000
9.3728,-333.8235,1.0000,1.9444,0.0000
9.3749,-333.9234,1.0000,1.9444,0.0000
9.3770,-334.0234,1.0000,1.9444,0.0000
9.3791,-334.1234,1.0000,1.9444,0.0000
9.3812,-334.2234,1.0000,1.9444,0.0000
9.3832,-334.3233,1.0000,1.9444,0.0000
9.3853,-334.4233,1.0000,1.9444,0.0000
9.3874,-334.5233,1.0000,1.9444,0.0000
9.3895,-334.6233,1.0000,1.9444,0.0000
9.3916,-334.7233,1.0000,1.9444,0.0000
9.3936,-334.8232,1.0000,1.9444,0.0000
9.3957,-334.9232,1.0000,1.9444,0.0000
9.3978,-335.0232,1.0000,1.9444,0.0000
9.3999,-335.1232,1.0000,1.9444,0.0000
9.4019,-335.2231,1.0000,1.9444,0.0000
9.4040,-335.3231,1.0000,1.9444,0.0000
9.4061,-335.4231,1.0000,1.9444,0.0000
9.4082,-335.5231,1.0000,1.9444,0.0000
9.4103,-335.6231,1.0000,1.9444,0.0000
9.4123,-335.7231,1.0000,1.9444,0.0000
9.4144,-335.8230,1.0000,1.9444,0.0000
9.4165,-335.9230,1.0000,1.9444,0.0000
9.4186,-336.0230,1.0000,1.9444,0.0000
9.4206,-336.1230,1.0000,1.9444,0.0000
9.4227,-336.2229,1.0000,1.9444,0.0000
9.4248,-336.3229,1.0000,1.9444,0.0000
9.4269,-336.4229,1.0000,1.9444,0.0000
9.4290,-336.5229,1.0000,1.9444,0.0000
9.4310,-336.6228,1.0000,1.9444,0.0000
9.4331,-336.7228,1.0000,1.9444,0.0000
9.4352,-336.8228,1.0000,1.9444,0.0000
9.4373,-336.9228,1.0000,1.9444,0.0000
9.4393,-337.0228,1.0000,1.9444,0.0000
9.4414,-337.1227,1.0000,1.9444,0.0000
9.4435,-337.2227,1.0000,1.9444,0.0000
9.4456,-337.3227,1.0000,1.9444,0.0000
9.4477,-337.4227,1.0000,1.9444,0.0000
9.4497,-337.5226,1.0000,1.9444,0.0000
9.4518,-337.6226,1.0000,1.9444,0.0000
9.4539,-337.7226,1.0000,1.9444,0.0000
9.4560,-337.8226,1.0000,1.9444,0.0000
9.4580,-337.9226,1.0000,1.9444,0.0000
9.4601,-338.0226,1.0000,1.9444,0.0000
9.4622,-338.1225,1.0000,1.9444,0.0000
9.4643,-338.2225,1.0000,1.9444,0.0000
9.4664,-338.3225,1.0000,1.9444,0.0000
9.4684,-338.4225,1.0000,1.9444,0.0000
9.4705,-338.5224,1.0000,1.9444,0.0000
9.4726,-338.6224,1.0000,1.9444,0.0000
9.4747,-338.7224,1.0000,1.9444,0.0000
9.4767,-338.8224,1.0000,1.9444,0.0000
9.4788,-338.9224,1.0000,1.9444,0.0000
9.4809,-339.0223,1.0000,1.9444,0.0000
9.4830,-339.1223,1.0000,1.9444,0.0000
9.4851,-339.2223,1.0000,1.9444,0.0000
9.4871,-339.3223,1.0000,1.9444,0.0000
9.4892,-339.4222,1.0000,1.9444,0.0000
9.4913,-339.5222,1.0000,1.9444,0.0000
9.4934,-339.6222,1.0000,1.9444,0.0000
9.4954,-339.7222,1.0000,1.9444,0.0000
9.4975,-339.8221,1.0000,1.9444,0.0000
9.4996,-339.9221,1.0000,1.9444,0.0000
9.5017,-340.0221,1.0000,1.9444,0.0000
9.5038,-340.1221,1.0000,1.9444,0.0000
9.5058,-340.2221,1.0000,1.9444,0.0000
9.5079,-340.3221,1.0000,1.9444,0.0000
9.5100,-340.4220,1.0000,1.9444,0.0000
9.5121,-340.5220,1.0000,1.9444,0.0000
9.5142,-340.6220,1.0000,1.9444,0.0000
9.5162,-340.7220,1.0000,1.9444,0.0000
9.5183,-340.8219,1.0000,1.9444,0.0000
9.5204,-340.9219,1.0000,1.9444,0.0000
9.5225,-341.0219,1.0000,1.9444,0.0000
9.5245,-341.1219,1.0000,1.9444,0.0000
9.5266,-341.2219,1.0000,1.9444,0.0000
9.5287,-341.3218,1.0000,1.9444,0.0000
9.5308,-341.4218,1.0000,1.9444,0.0000
9.5329,-341.5218,1.0000,1.9444,0.0000
9.5349,-341.6218,1.0000,1.9444,0.0000
9.5370,-341.7217,1.0000,1.9444,0.0000
9.5391,-341.8217,1.0000,1.9444,0.0000
9.5412,-341.9217,1.0000,1.9444,0.0000
9.5432,-342.0217,1.0000,1.9444,0.0000
9.5453,-342.1217,1.0000,1.9444,0.0000
9.5474,-342.2216,1.0000,1.9444,0.0000
9.5495,-342.3216,1.0000,1.9444,0.0000
9.5516,-342.4216,1.0000,1.9444,0.0000
9.5536,-342.5216,1.0000,1.9444,0.0000
9.5557,-342.6216,1.0000,1.9444,0.0000
9.5578,-342.7215,1.0000,1.9444,0.0000
9.5599,-342.8215,1.0000,1.9444,0.0000
9.5619,-342.9215,1.0000,1.9444,0.0000
9.5640,-343.0215,1.0000,1.9444,0.0000
9.5661,-343.1214,1.0000,1.9444,0.0000
9.5682,-343.2214,1.0000,1.9444,0.0000
9.5703,-343.3214,1.0000,1.9444,0.0000
9.5723,-343.4214,1.0000,1.9444,0.0000
9.5744,-343.5214,1.0000,1.9444,0.0000
9.5765,-343.6213,1.0000,1.9444,0.0000
9.5786,-343.7213,1.0000,1.9444,0.0000
9.5806,-343.8213,1.0000,1.9444,0.0000
9.5827,-343.9213,1.0000,1.9444,0.0000
9.5848,-344.0212,1.0000,1.9444,0.0000
9.5869,-344.1212,1.0000,1.9444,0.0000
9.5890,-344.2212,1.0000,1.9444,0.0000
9.5910,-344.3212,1.0000,1.9444,0.0000
9.5931,-344.4212,1.0000,1.9444,0.0000
9.5952,-344.5211,1.0000,1.9444,0.0000
9.5973,-344.6211,1.0000,1.9444,0.0000
9.5993,-344.7211,1.0000,1.9444,0.0000
9.6014,-344.8211,1.0000,1.9444,0.0000
9.6035,-344.9211,1.0000,1.9444,0.0000
9.6056,-345.0210,1.0000,1.9444,0.0000
9.6077,-345.1210,1.0000,1.9444,0.0000
9.6097,-345.2210,1.0000,1.9444,0.0000
9.6118,-345.3210,1.0000,1.9444,0.0000
9.6139,-345.4210,1.0000,1.9444,0.0000
9.6160,-345.5209,1.0000,1.9444,0.0000
9.6180,-345.6209,1.0000,1.9444,0.0000
9.6201,-345.7209,1.0000,1.9444,0.0000
9.6222,-345.8209,1.0000,1.9444,0.0000
9.6243,-345.9208,1.0000,1.9444,0.0000
9.6264,-346.0208,1.0000,1.9444,0.0000
9.6284,-346.1208,1.0000,1.9444,0.0000
9.6305,-346.2208,1.0000,1.9444,0.0000
9.6326,-346.3207,1.0000,1.9444,0.0000
9.6347,-346.4207,1.0000,1.9444,0.0000
9.6368,-346.5207,1.0000,1.9444,0.0000
9.6388,-346.6207,1.0000,1.9444,0.0000
9.6409,-346.7207,1.0000,1.9444,0.0000
9.6430,-346.8206,1.0000,1.9444,0.0000
9.6451,-346.9206,1.0000,1.9444,0.0000
9.6471,-347.0206,1.0000,1.9444,0.0000
9.6492,-347.1206,1.0000,1.9444,0.0000
9.6513,-347.2206,1.0000,1.9444,0.0000
9.6534,-347.3205,1.0000,1.9444,0.0000
9.6555,-347.4205,1.0000,1.9444,0.0000
9.6575,-347.5205,1.0000,1.9444,0.0000
9.6596,-347.6205,1.0000,1.9444,0.0000
9.6617,-347.7205,1.0000,1.9444,0.0000
9.6638,-347.8204,1.0000,1.9444,0.0000
9.6658,-347.9204,1.0000,1.9444,0.0000
9.6679,-348.0204,1.0000,1.9444,0.0000
9.6700,-348.1204,1.0000,1.9444,0.0000
9.6721,-348.2203,1.0000,1.9444,0.0000
9.6742,-348.3203,1.0000,1.9444,0.0000
9.6762,-348.4203,1.0000,1.9444,0.0000
9.6783,-348.5203,1.0000,1.9444,0.0000
9.6804,-348.6203,1.0000,1.9444,0.0000
9.6825,-348.7202,1.0000,1.9444,0.0000
9.6845,-348.8202,1.0000,1.9444,0.0000
9.6866,-348.9202,1.0000,1.9444,0.0000
9.6887,-349.0202,1.0000,1.9444,0.0000
9.6908,-349.1201,1.0000,1.9444,0.0000
9.6929,-349.2201,1.0000,1.9444,0.0000
9.6949,-349.3201,1.0000,1.9444,0.0000
9.6970,-349.4201,1.0000,1.9444,0.0000
9.6991,-349.5201,1.0000,1.9444,0.0000
9.7012,-349.6200,1.0000,1.9444,0.0000
9.7032,-349.7200,1.0000,1.9444,0.0000
9.7053,-349.8200,1.0000,1.9444,0.0000
9.7074,-349.9200,1.0000,1.9444,0.0000
9.7095,-350.0200,1.0000,1.9444,0.0000
9.7116,-350.1199,1.0000,1.9444,0.0000
9.7136,-350.2199,1.0000,1.9444,0.0000
9.7157,-350.3199,1.0000,1.9444,0.0000
9.7178,-350.4199,1.0000,1.9444,0.0000
9.7199,-350.5198,1.0000,1.9444,0.0000
9.7219,-350.6198,1.0000,1.9444,0.0000
9.7240,-350.7198,1.0000,1.9444,0.0000
9.7261,-350.8198,1.0000,1.9444,0.0000
9.7282,-350.9198,1.0000,1.9444,0.0000
9.7303,-351.0197,1.0000,1.9444,0.0000
9.7323,-351.1197,1.0000,1.9444,0.0000
9.7344,-351.2197,1.0000,1.9444,0.0001
9.7365,-351.3197,1.0000,1.9444,0.0001
9.7386,-351.4196,1.0000,1.9444,0.0002
9.7406,-351.5196,1.0000,1.9444,0.0003
9.7427,-351.6196,1.0000,1.9444,0.0004
9.7448,-351.7196,1.0000,1.9444,0.0006
9.7469,-351.8195,1.0000,1.9444,0.0007
9.7490,-351.9196,1.0000,1.9444,0.0009
9.7510,-352.0195,1.0000,1.9444,0.0010
9.7531,-352.1195,1.0000,1.9444,0.0012
9.7552,-352.2195,1.0000,1.9444,0.0014
9.7573,-352.3195,1.0000,1.9444,0.0015
9.7594,-352.4194,1.0000,1.9444,0.0016
9.7614,-352.5194,1.0000,1.9444,0.0017
9.7635,-352.6194,1.0000,1.9444,0.0018
9.7656,-352.7194,1.0000,1.9444,0.0019
9.7677,-352.8193,1.0000,1.9444,0.0019
9.7697,-352.9193,1.0000,1.9444,0.0020
9.7718,-353.0193,1.0000,1.9444,0.0020
9.7739,-353.1193,1.0000,1.9444,0.0020
9.7760,-353.2193,1.0000,1.9444,0.0020
9.7781,-353.3192,1.0000,1.9444,0.0020
9.7801,-353.4192,1.0000,1.9444,0.0020
9.7822,-353.5192,1.0000,1.9444,0.0020
9.7843,-353.6192,1.0000,1.9444,0.0020
9.7864,-353.7191,1.0000,1.9444,0.0020
9.7884,-353.8191,1.0000,1.9444,0.0020
9.7905,-353.9191,1.0000,1.9444,0.0020
9.7925,-354.0191,1.0000,1.9444,0.0020
9.7945,-354.1191,1.0000,1.9444,0.0020
9.7966,-354.2191,1.0000,1.9444,0.0020
9.7988,-354.3190,1.0000,1.9444,0.0020
9.8011,-354.4190,1.0000,1.9444,0.0020
9.8036,-354.5190,1.0000,1.9444,0.0020
9.8062,-354.6189,1.0000,1.9444,0.0020
9.8089,-354.7189,1.0000,1.9444,0.0020
9.8118,-354.8188,1.0000,1.9444,0.0020
9.8148,-354.9188,1.0000,1.9444,0.0020
9.8179,-355.0188,1.0000,1.9444,0.0020
9.8211,-355.1187,1.0000,1.9444,0.0020
9.8242,-355.2187,1.0000,1.9444,0.0020
9.8273,-355.3186,1.0000,1.9444,0.0020
9.8304,-355.4186,1.0000,1.9444,0.0020
9.8334,-355.5185,1.0000,1.9444,0.0020
9.8365,-355.6185,1.0000,1.9444,0.0020
9.8396,-355.7184,1.0000,1.9444,0.0020
9.8426,-355.8184,1.0000,1.9444,0.0020
9.8457,-355.9183,1.0000,1.9444,0.0020
9.8488,-356.0183,1.0000,1.9444,0.0020
9.8518,-356.1182,1.0000,1.9444,0.0020
9.8549,-356.2182,1.0000,1.9444,0.0019
9.8580,-356.3181,1.0000,1.9444,0.0019
9.8610,-356.4181,1.0000,1.9444,0.0019
9.8641,-356.5180,1.0000,1.9444,0.0018
9.8672,-356.6180,1.0000,1.9444,0.0017
9.8702,-356.7180,1.0000,1.9444,0.0016
9.8733,-356.8179,1.0000,1.9444,0.0014
9.8764,-356.9178,1.0000,1.9444,0.0013
9.8794,-357.0178,1.0000,1.9444,0.0011
9.8825,-357.1178,1.0000,1.9444,0.0010
9.8856,-357.2177,1.0000,1.9444,0.0008
9.8886,-357.3177,1.0000,1.9444,0.0007
9.8917,-357.4176,1.0000,1.9444,0.0006
9.8948,-357.5176,1.0000,1.9444,0.0005
9.8978,-357.6175,1.0000,1.9444,0.0005
9.9009,-357.7175,1.0000,1.9444,0.0005
9.9040,-357.8174,1.0000,1.9444,0.0006
9.9071,-357.9174,1.0000,1.9444,0.0007
9.9101,-358.0173,1.0000,1.9444,0.0009
9.9132,-358.1173,1.0000,1.9444,0.0011
9.9163,-358.2173,1.0000,1.9444,0.0014
9.9193,-358.3172,1.0000,1.9444,0.0017
9.9224,-358.4171,1.0000,1.9444,0.0019
9.9255,-358.5171,1.0000,1.9444,0.0022
9.9285,-358.6171,1.0000,1.9444,0.0024
9.9316,-358.7170,1.0000,1.9444,0.0026
9.9347,-358.8170,1.0000,1.9444,0.0028
9.9377,-358.9169,1.0000,1.9444,0.0030
9.9408,-359.0169,1.0000,1.9444,0.0031
9.9439,-359.1168,1.0000,1.9444,0.0031
9.9469,-359.2168,1.0000,1.9444,0.0032
9.9500,-359.3167,1.0000,1.9444,0.0032
9.9531,-359.4167,1.0000,1.9444,0.0032
9.9561,-359.5166,1.0000,1.9444,0.0032
9.9592,-359.6166,1.0000,1.9444,0.0032
9.9623,-359.7166,1.0000,1.9444,0.0032
9.9653,-359.8165,1.0000,1.9444,0.0032
9.9684,-359.9164,1.0000,1.9444,0.0033
9.9715,-360.0164,1.0000,1.9444,0.0033
9.9745,-360.1164,1.0000,1.9444,0.0033
9.9777,-360.2163,1.0000,1.9444,0.0033
9.9809,-360.3163,1.0000,1.9444,0.0033
9.9840,-360.4162,1.0000,1.9444,0.0033
9.9871,-360.5161,1.0000,1.9444,0.0033
9.9900,-360.6161,1.0000,1.9444,0.0033
9.9927,-360.7161,1.0000,1.9444,0.0033
9.9952,-360.8160,1.0000,1.9444,0.0033
9.9974,-360.9160,1.0000,1.9444,0.0033
9.9994,-361.0160,1.0000,1.9444,0.0033
10.0012,-361.1160,1.0000,1.9444,0.0033
10.0028,-361.2160,1.0000,1.9444,0.0033
10.0042,-361.3160,1.0000,1.9444,0.0033
10.0056,-361.4160,1.0000,1.9444,0.0033
10.0069,-361.5160,1.0000,1.9444,0.0033
10.0083,-361.6159,1.0000,1.9444,0.0033
10.0098,-361.7159,1.0000,1.9444,0.0033
10.0112,-361.8159,1.0000,1.9444,0.0033
10.0126,-361.9159,1.0000,1.9444,0.0032
10.0141,-362.0159,1.0000,1.9444,0.0032
10.0155,-362.1159,1.0000,1.9444,0.0032
10.0170,-362.2159,1.0000,1.9444,0.0032
10.0184,-362.3159,1.0000,1.9444,0.0032
10.0199,-362.4159,1.0000,1.9444,0.0032
10.0213,-362.5158,1.0000,1.9444,0.0032
10.0228,-362.6158,1.0000,1.9444,0.0031
10.0242,-362.7158,1.0000,1.9444,0.0030
10.0257,-362.8158,1.0000,1.9444,0.0029
10.0271,-362.9158,1.0000,1.9444,0.0028
10.0286,-363.0158,1.0000,1.9444,0.0026
10.0300,-363.1158,1.0000,1.9444,0.0024
10.0315,-363.2158,1.0000,1.9444,0.0021
10.0329,-363.3158,1.0000,1.9444,0.0019
10.0344,-363.4157,1.0000,1.9444,0.0016
10.0358,-363.5157,1.0000,1.9444,0.0013
10.0373,-363.6157,1.0000,1.9444,0.0011
10.0387,-363.7157,1.0000,1.9444,0.0008
10.0402,-363.8157,1.0000,1.9444,0.0006
10.0416,-363.9157,1.0000,1.9444,0.0004
10.0431,-364.0157,1.0000,1.9444,0.0003
10.0445,-364.1157,1.0000,1.9444,0.0002
10.0460,-364.2157,1.0000,1.9444,0.0001
10.0474,-364.3156,1.0000,1.9444,0.0001
10.0488,-364.4156,1.0000,1.9444,0.0000
10.0503,-364.5156,1.0000,1.9444,0.0000
10.0517,-364.6156,1.0000,1.9444,0.0000
10.0532,-364.7156,1.0000,1.9444,0.0000
10.0546,-364.8156,1.0000,1.9444,0.0000
10.0561,-364.9156,1.0000,1.9444,0.0000
10.0575,-365.0156,1.0000,1.9444,0.0000
10.0590,-365.1156,1.0000,1.9444,0.0000
10.0604,-365.2155,1.0000,1.9444,0.0000
10.0619,-365.3156,1.0000,1.9444,0.0000
10.0633,-365.4155,1.0000,1.9444,0.0000
10.0648,-365.5155,1.0000,1.9444,0.0000
10.0662,-365.6155,1.0000,1.9444,0.0000
10.0677,-365.7155,1.0000,1.9444,0.0000
10.0691,-365.8155,1.0000,1.9444,0.0000
10.0706,-365.9155,1.0000,1.9444,0.0000
10.0720,-366.0155,1.0000,1.9444,0.0000
10.0735,-366.1155,1.0000,1.9444,0.0000
10.0749,-366.2155,1.0000,1.9444,0.0000
10.0764,-366.3154,1.0000,1.9444,0.0000
10.0778,-366.4154,1.0000,1.9444,0.0000
10.0793,-366.5154,1.0000,1.9444,0.0000
10.0807,-366.6154,1.0000,1.9444,0.0000
10.0822,-366.7154,1.0000,1.9444,0.0000
10.0836,-366.8154,1.0000,1.9444,0.0000
10.0851,-366.9154,1.0000,1.9444,0.0000
10.0865,-367.0154,1.0000,1.9444,0.0000
10.0879,-367.1154,1.0000,1.9444,0.0000
10.0894,-367.2154,1.0000,1.9444,0.0000
10.0908,-367.3153,1.0000,1.9444,0.0000
10.0923,-367.4153,1.0000,1.9444,0.0000
10.0937,-367.5153,1.0000,1.9444,0.0000
10.0952,-367.6153,1.0000,1.9444,0.0000
10.0966,-367.7153,1.0000,1.9444,0.0000
10.0981,-367.8153,1.0000,1.9444,0.0000
10.0995,-367.9153,1.0000,1.9444,0.0000
10.1010,-368.0153,1.0000,1.9444,0.0000
10.1024,-368.1153,1.0000,1.9444,0.0000
10.1039,-368.2152,1.0000,1.9444,0.0000
10.1053,-368.3152,1.0000,1.9444,0.0000
10.1068,-368.4152,1.0000,1.9444,0.0000
10.1082,-368.5152,1.0000,1.9444,0.0000
10.1097,-368.6152,1.0000,1.9444,0.0000
10.1111,-368.7152,1.0000,1.9444,0.0000
10.1126,-368.8152,1.0000,1.9444,0.0000
10.1140,-368.9152,1.0000,1.9444,0.0000
10.1155,-369.0152,1.0000,1.9444,0.0000
10.1169,-369.1151,1.0000,1.9444,0.0000
10.1184,-369.2151,1.0000,1.9444,0.0000
10.1198,-369.3151,1.0000,1.9444,0.0000
10.1213,-369.4151,1.0000,1.9444,0.0000
10.1227,-369.5151,1.0000,1.9444,0.0000
10.1242,-369.6151,1.0000,1.9444,0.0000
10.1256,-369.7151,1.0000,1.9444,0.0000
10.1270,-369.8151,1.0000,1.9444,0.0000
10.1285,-369.9151,1.0000,1.9444,0.0000
10.1299,-370.0150,1.0000,1.9444,0.0000
10.1314,-370.1151,1.0000,1.9444,0.0000
10.1328,-370.2150,1.0000,1.9444,0.0000
10.1343,-370.3150,1.0000,1.9444,0.0000
10.1357,-370.4150,1.0000,1.9444,0.0000
10.1372,-370.5150,1.0000,1.9444,0.0000
10.1386,-370.6150,1.0000,1.9444,0.0000
10.1401,-370.7150,1.0000,1.9444,0.0000
10.1415,-370.8150,1.0000,1.9444,0.0000
10.1430,-370.9149,1.0000,1.9444,0.0000
10.1444,-371.0150,1.0000,1.9444,0.0000
10.1459,-371.1149,1.0000,1.9444,0.0000
10.1473,-371.2149,1.0000,1.9444,0.0000
10.1488,-371.3149,1.0000,1.9444,0.0000
10.1502,-371.4149,1.0000,1.9444,0.0000
10.1517,-371.5149,1.0000,1.9444,0.0000
10.1531,-371.6149,1.0000,1.9444,0.0000
10.1546,-371.7149,1.0000,1.9444,0.0000
10.1560,-371.8149,1.0000,1.9444,0.0000
10.1575,-371.9149,1.0000,1.9444,0.0000
10.1589,-372.0148,1.0000,1.9444,0.0000
10.1604,-372.1148,1.0000,1.9444,0.0000
10.1618,-372.2148,1.0000,1.9444,0.0000
10.1632,-372.3148,1.0000,1.9444,0.0000
10.1647,-372.4148,1.0000,1.9444,0.0000
10.1661,-372.5148,1.0000,1.9444,0.0000
10.1676,-372.6148,1.0000,1.9444,0.0000
10.1690,-372.7148,1.0000,1.9444,0.0000
10.1705,-372.8148,1.0000,1.9444,0.0000
10.1719,-372.9148,1.0000,1.9444,0.0000
10.1734,-373.0147,1.0000,1.9444,0.0000
10.1748,-373.1147,1.0000,1.9444,0.0000
10.1763,-373.2147,1.0000,1.9444,0.0000
10.1777,-373.3147,1.0000,1.9444,0.0000
10.1792,-373.4147,1.0000,1.9444,0.0000
10.1806,-373.5147,1.0000,1.9444,0.0000
10.1821,-373.6147,1.0000,1.9444,0.0000
10.1835,-373.7147,1.0000,1.9444,0.0000
10.1850,-373.8147,1.0000,1.9444,0.0000
10.1864,-373.9146,1.0000,1.9444,0.0000
10.1879,-374.0146,1.0000,1.9444,0.0000
10.1893,-374.1146,1.0000,1.9444,0.0000
10.1908,-374.2146,1.0000,1.9444,0.0000
10.1922,-374.3146,1.0000,1.9444,0.0000
10.1937,-374.4146,1.0000,1.9444,0.0000
10.1951,-374.5146,1.0000,1.9444,0.0000
10.1966,-374.6146,1.0000,1.9444,0.0000
10.1980,-374.7146,1.0000,1.9444,0.0000
10.1995,-374.8145,1.0000,1.9444,0.0000
10.2009,-374.9146,1.0000,1.9444,0.0000
10.2023,-375.0145,1.0000,1.9444,0.0000
10.2038,-375.1145,1.0000,1.9444,0.0000
10.2052,-375.2145,1.0000,1.9444,0.0000
10.2067,-375.3145,1.0000,1.9444,0.0000
10.2081,-375.4145,1.0000,1.9444,0.0000
10.2096,-375.5145,1.0000,1.9444,0.0000
10.2110,-375.6145,1.0000,1.9444,0.0000
10.2125,-375.7144,1.0000,1.9444,0.0000
10.2139,-375.8145,1.0000,1.9444,0.0000
10.2154,-375.9144,1.0000,1.9444,0.0000
10.2168,-376.0144,1.0000,1.9444,0.0000
10.2183,-376.1144,1.0000,1.9444,0.0000
10.2197,-376.2144,1.0000,1.9444,0.0000
10.2212,-376.3144,1.0000,1.9444,0.0000
10.2226,-376.4144,1.0000,1.9444,0.0000
10.2241,-376.5144,1.0000,1.9444,0.0000
10.2255,-376.6143,1.0000,1.9444,0.0000
10.2270,-376.7144,1.0000,1.9444,0.0000
10.2284,-376.8143,1.0000,1.9444,0.0000
10.2299,-376.9143,1.0000,1.9444,0.0000
10.2313,-377.0143,1.0000,1.9444,0.0000
10.2328,-377.1143,1.0000,1.9444,0.0000
10.2342,-377.2143,1.0000,1.9444,0.0000
10.2357,-377.3143,1.0000,1.9444,0.0000
10.2371,-377.4143,1.0000,1.9444,0.0000
10.2386,-377.5143,1.0000,1.9444,0.0000
10.2400,-377.6143,1.0000,1.9444,0.0000
10.2414,-377.7143,1.0000,1.9444,0.0000
10.2429,-377.8142,1.0000,1.9444,0.0000
10.2443,-377.9142,1.0000,1.9444,0.0000
10.2458,-378.0142,1.0000,1.9444,0.0000
10.2472,-378.1142,1.0000,1.9444,0.0000
10.2487,-378.2142,1.0000,1.9444,0.0000
10.2501,-378.3142,1.0000,1.9444,0.0000
10.2516,-378.4142,1.0000,1.9444,0.0000
10.2530,-378.5142,1.0000,1.9444,0.0000
10.2545,-378.6142,1.0000,1.9444,0.0000
10.2559,-378.7141,1.0000,1.9444,0.0000
10.2574,-378.8141,1.0000,1.9444,0.0000
10.2588,-378.9141,1.0000,1.9444,0.0000
10.2603,-379.0141,1.0000,1.9444,0.0000
10.2617,-379.1141,1.0000,1.9444,0.0000
10.2632,-379.2141,1.0000,1.9444,0.0000
10.2646,-379.3141,1.0000,1.9444,0.0000
10.2661,-379.4141,1.0000,1.9444,0.0000
10.2675,-379.5141,1.0000,1.9444,0.0000
10.2690,-379.6140,1.0000,1.9444,0.0000
10.2704,-379.7141,1.0000,1.9444,0.0000
10.2719,-379.8140,1.0000,1.9444,0.0000
10.2733,-379.9140,1.0000,1.9444,0.0000
10.2748,-380.0140,1.0000,1.9444,0.0000
10.2762,-380.1140,1.0000,1.9444,0.0000
10.2777,-380.2140,1.0000,1.9444,0.0000
10.2791,-380.3140,1.0000,1.9444,0.0000
10.2805,-380.4140,1.0000,1.9444,0.0000
10.2820,-380.5139,1.0000,1.9444,0.0000
10.2834,-380.6140,1.0000,1.9444,0.0000
10.2849,-380.7139,1.0000,1.9444,0.0000
10.2863,-380.8139,1.0000,1.9444,0.0000
10.2878,-380.9139,1.0000,1.9444,0.0000
10.2892,-381.0139,1.0000,1.9444,0.0000
10.2907,-381.1139,1.0000,1.9444,0.0000
10.2921,-381.2139,1.0000,1.9444,0.0000
10.2936,-381.3139,1.0000,1.9444,0.0000
10.2950,-381.4138,1.0000,1.9444,0.0000
10.2965,-381.5139,1.0000,1.9444,0.0000
10.2979,-381.6138,1.0000,1.9444,0.0000
10.2994,-381.7138,1.0000,1.9444,0.0000
10.3008,-381.8138,1.0000,1.9444,0.0000
10.3023,-381.9138,1.0000,1.9444,0.0000
10.3037,-382.0138,1.0000,1.9444,0.0000
10.3052,-382.1138,1.0000,1.9444,0.0000
10.3066,-382.2138,1.0000,1.9444,0.0000
10.3081,-382.3138,1.0000,1.9444,0.0000
10.3095,-382.4138,1.0000,1.9444,0.0000
10.3110,-382.5137,1.0000,1.9444,0.0000
10.3124,-382.6137,1.0000,1.9444,0.0000
10.3139,-382.7137,1.0000,1.9444,0.0000
10.3153,-382.8137,1.0000,1.9444,0.0000
10.3167,-382.9137,1.0000,1.9444,0.0000
10.3182,-383.0137,1.0000,1.9444,0.0000
10.3196,-383.1137,1.0000,1.9444,0.0000
10.3211,-383.2137,1.0000,1.9444,0.0000
10.3225,-383.3137,1.0000,1.9444,0.0000
10.3240,-383.4137,1.0000,1.9444,0.0000
10.3254,-383.5136,1.0000,1.9444,0.0000
10.3269,-383.6136,1.0000,1.9444,0.0000
10.3283,-383.7136,1.0000,1.9444,0.0000
10.3298,-383.8136,1.0000,1.9444,0.0000
10.3312,-383.9136,1.0000,1.9444,0.0000
10.3327,-384.0136,1.0000,1.9444,0.0000
10.3341,-384.1136,1.0000,1.9444,0.0000
10.3356,-384.2136,1.0000,1.9444,0.0000
10.3370,-384.3136,1.0000,1.9444,0.0000
10.3385,-384.4135,1.0000,1.9431,0.0000
10.3399,-384.5135,1.0000,1.9404,0.0000
10.3414,-384.6135,1.0000,1.9362,0.0000
10.3428,-384.7135,1.0000,1.9308,0.0000
10.3443,-384.8135,1.0000,1.9240,0.0000
10.3457,-384.9135,1.0000,1.9160,0.0000
10.3472,-385.0135,1.0000,1.9067,0.0000
10.3486,-385.1135,1.0000,1.8962,0.0000
10.3501,-385.2135,1.0000,1.8845,0.0000
10.3515,-385.3134,1.0000,1.8715,0.0001
10.3530,-385.4135,1.0000,1.8574,0.0001
10.3544,-385.5134,1.0000,1.8421,0.0002
10.3558,-385.6134,1.0000,1.8257,0.0003
10.3573,-385.7134,1.0000,1.8080,0.0005
10.3587,-385.8134,1.0000,1.7891,0.0008
10.3602,-385.9134,1.0000,1.7689,0.0012
10.3616,-386.0134,1.0000,1.7489,0.0016
10.3631,-386.1134,1.0000,1.7292,0.0022
10.3645,-386.2133,1.0000,1.7097,0.0028
10.3660,-386.3134,1.0000,1.6905,0.0035
10.3674,-386.4133,1.0000,1.6715,0.0042
10.3689,-386.5133,1.0000,1.6531,0.0049
10.3703,-386.6133,1.0000,1.6354,0.0055
10.3718,-386.7133,1.0000,1.6184,0.0061
10.3732,-386.8133,1.0000,1.6021,0.0067
10.3747,-386.9133,1.0000,1.5865,0.0071
10.3761,-387.0133,1.0000,1.5716,0.0074
10.3776,-387.1133,1.0000,1.5575,0.0078
10.3790,-387.2133,1.0000,1.5442,0.0081
10.3805,-387.3132,1.0000,1.5316,0.0085
10.3819,-387.4132,1.0000,1.5199,0.0091
10.3834,-387.5132,1.0000,1.5091,0.0099
10.3848,-387.6132,1.0000,1.4992,0.0111
10.3863,-387.7132,1.0000,1.4901,0.0127
10.3877,-387.8132,1.0000,1.4820,0.0147
10.3892,-387.9132,1.0000,1.4747,0.0173
10.3906,-388.0132,1.0000,1.4682,0.0205
10.3921,-388.1132,1.0000,1.4623,0.0243
10.3935,-388.2131,1.0000,1.4567,0.0286
10.3948,-388.3131,1.0000,1.4515,0.0334
10.3959,-388.4131,1.0000,1.4466,0.0387
10.3971,-388.5131,1.0000,1.4421,0.0444
10.3986,-388.6131,1.0000,1.4379,0.0504
10.4004,-388.7131,1.0000,1.4341,0.0566
10.4027,-388.8131,1.0000,1.4305,0.0630
10.4057,-388.9130,1.0000,1.4273,0.0695
10.4092,-389.0130,1.0000,1.4243,0.0759
10.4134,-389.1129,1.0000,1.4215,0.0823
10.4182,-389.2128,1.0000,1.4190,0.0886
10.4234,-389.3126,1.0000,1.4167,0.0946
10.4290,-389.4125,1.0000,1.4146,0.1003
10.4349,-389.5123,1.0000,1.4127,0.1056
10.4408,-389.6121,1.0000,1.4109,0.1104
10.4466,-389.7119,1.0000,1.4092,0.1148
10.4522,-389.8118,1.0000,1.4077,0.1186
10.4578,-389.9117,1.0000,1.4063,0.1219
10.4631,-390.0115,1.0000,1.4050,0.1246
10.4681,-390.1114,1.0000,1.4038,0.1267
10.4730,-390.2112,1.0000,1.4027,0.1284
10.4782,-390.3111,1.0000,1.4017,0.1296
10.4839,-390.4109,1.0000,1.4008,0.1305
10.4911,-390.5107,1.0000,1.3999,0.1310
10.4993,-390.6104,1.0000,1.3991,0.1312
10.5099,-390.7098,1.0000,1.3984,0.1313
10.5230,-390.8089,1.0000,1.3977,0.1311
10.5391,-390.9076,1.0000,1.3971,0.1308
10.5584,-391.0057,1.0000,1.3965,0.1305
10.5814,-391.1031,1.0000,1.3960,0.1301
10.6078,-391.1995,1.0000,1.3955,0.1295
10.6375,-391.2950,1.0000,1.3951,0.1289
10.6704,-391.3894,1.0000,1.3947,0.1283
10.7064,-391.4827,1.0000,1.3943,0.1276
10.7455,-391.5747,1.0000,1.3940,0.1269
10.7876,-391.6654,1.0000,1.3937,0.1263
10.8329,-391.7545,1.0000,1.3934,0.1257
10.8813,-391.8420,1.0000,1.3931,0.1253
10.9327,-391.9278,1.0000,1.3929,0.1248
10.9870,-392.0117,1.0000,1.3926,0.1245
11.0438,-392.0941,1.0000,1.3924,0.1244
11.1028,-392.1748,1.0000,1.3922,0.1243
11.1635,-392.2543,1.0000,1.3921,0.1245
11.2254,-392.3328,1.0000,1.3919,0.1247
11.2883,-392.4106,1.0000,1.3917,0.1250
11.3518,-392.4878,1.0000,1.3916,0.1255
11.4155,-392.5649,1.0000,1.3915,0.1260
11.4792,-392.6420,1.0000,1.3914,0.1266
11.5427,-392.7192,1.0000,1.3912,0.1272
11.6061,-392.7966,1.0000,1.3911,0.1277
11.6693,-392.8741,1.0000,1.3911,0.1283
11.7325,-392.9515,1.0000,1.3910,0.1288
11.7958,-393.0290,1.0000,1.3909,0.1292
11.8590,-393.1065,1.0000,1.3908,0.1295
11.9222,-393.1839,1.0000,1.3908,0.1298
11.9855,-393.2614,1.0000,1.3907,0.1300
12.0487,-393.3389,1.0000,1.3906,0.1301
12.1119,-393.4164,1.0000,1.3906,0.1302
12.1752,-393.4938,1.0000,1.3905,0.1304
12.2384,-393.5713,1.0000,1.3906,0.1305
12.3016,-393.6487,1.0000,1.3912,0.1307
12.3649,-393.7262,1.0000,1.3924,0.1309
12.4281,-393.8037,1.0000,1.3941,0.1312
12.4913,-393.8812,1.0000,1.3966,0.1315
12.5546,-393.9586,1.0000,1.3997,0.1320
12.6178,-394.0361,1.0000,1.4036,0.1324
12.6810,-394.1136,1.0000,1.4083,0.1329
12.7442,-394.1911,1.0000,1.4138,0.1333
12.8071,-394.2688,1.0000,1.4203,0.1337
12.8700,-394.3466,1.0000,1.4277,0.1340
12.9327,-394.4245,1.0000,1.4362,0.1342
12.9957,-394.5022,1.0000,1.4458,0.1343
13.0592,-394.5794,1.0000,1.4566,0.1343
13.1235,-394.6560,1.0000,1.4688,0.1342
13.1891,-394.7314,1.0000,1.4823,0.1341
13.2562,-394.8056,1.0000,1.4974,0.1338
13.3252,-394.8780,1.0000,1.5135,0.1337
13.3963,-394.9483,1.0000,1.5309,0.1338
13.4697,-395.0162,1.0000,1.5496,0.1340
13.5454,-395.0815,1.0000,1.5697,0.1341
13.6235,-395.1440,1.0000,1.5902,0.1342
13.7036,-395.2038,1.0000,1.6104,0.1342
13.7857,-395.2609,1.0000,1.6306,0.1343
13.8697,-395.3152,1.0000,1.6505,0.1345
13.9554,-395.3667,1.0000,1.6701,0.1348
14.0428,-395.4153,1.0000,1.6893,0.1353
14.1317,-395.4609,1.0000,1.7081,0.1359
14.2222,-395.5036,1.0000,1.7263,0.1366
14.3140,-395.5432,1.0000,1.7438,0.1374
14.4071,-395.5797,1.0000,1.7605,0.1384
14.5015,-395.6126,1.0000,1.7763,0.1393
14.5972,-395.6418,1.0000,1.7911,0.1401
14.6937,-395.6678,1.0000,1.8045,0.1408
14.7909,-395.6912,1.0000,1.8166,0.1413
14.8886,-395.7126,1.0000,1.8271,0.1414
14.9866,-395.7326,1.0000,1.8357,0.1410
15.0847,-395.7518,1.0000,1.8436,0.1401
15.1829,-395.7706,1.0000,1.8511,0.1386
15.2811,-395.7895,1.0000,1.8582,0.1364
15.3792,-395.8089,1.0000,1.8649,0.1336
15.4772,-395.8290,1.0000,1.8712,0.1302
15.5750,-395.8499,1.0000,1.8771,0.1261
15.6727,-395.8713,1.0000,1.8826,0.1215
15.7703,-395.8928,1.0000,1.8876,0.1164
15.8681,-395.9138,1.0000,1.8922,0.1109
15.9659,-395.9348,1.0000,1.8965,0.1051
16.0636,-395.9558,1.0000,1.9004,0.0989
16.1614,-395.9768,1.0000,1.9039,0.0926
16.2592,-395.9978,1.0000,1.9071,0.0861
16.3569,-396.0189,1.0000,1.9100,0.0795
16.4546,-396.0403,1.0000,1.9127,0.0729
16.5523,-396.0617,1.0000,1.9152,0.0664
16.6500,-396.0828,1.0000,1.9175,0.0599
16.7479,-396.1034,1.0000,1.9196,0.0536
16.8459,-396.1233,1.0000,1.9216,0.0476
16.9440,-396.1425,1.0000,1.9234,0.0419
17.0423,-396.1608,1.0000,1.9251,0.0365
17.1408,-396.1783,1.0000,1.9267,0.0317
17.2394,-396.1951,1.0000,1.9281,0.0275
17.3381,-396.2112,1.0000,1.9294,0.0238
17.4369,-396.2267,1.0000,1.9306,0.0208
17.5357,-396.2417,1.0000,1.9317,0.0185
17.6346,-396.2564,1.0000,1.9327,0.0167
17.7335,-396.2712,1.0000,1.9336,0.0154
17.8324,-396.2861,1.0000,1.9345,0.0147
17.9313,-396.3008,1.0000,1.9353,0.0143
18.0303,-396.3154,1.0000,1.9360,0.0142
18.1292,-396.3298,1.0000,1.9367,0.0141
18.2282,-396.3440,1.0000,1.9373,0.0139
18.3272,-396.3582,1.0000,1.9379,0.0138
18.4262,-396.3723,1.0000,1.9384,0.0136
18.5252,-396.3864,1.0000,1.9389,0.0135
18.6242,-396.4005,1.0000,1.9393,0.0135
18.7232,-396.4147,1.0000,1.9397,0.0134
18.8222,-396.4289,1.0000,1.9401,0.0131
18.9212,-396.4431,1.0000,1.9404,0.0128
19.0202,-396.4572,1.0000,1.9408,0.0123
19.1192,-396.4714,1.0000,1.9411,0.0117
19.2181,-396.4856,1.0000,1.9413,0.0109
19.3171,-396.4998,1.0000,1.9416,0.0100
19.4161,-396.5140,1.0000,1.9418,0.0091
19.5151,-396.5282,1.0000,1.9420,0.0081
19.6141,-396.5423,1.0000,1.9422,0.0071
19.7131,-396.5565,1.0000,1.9424,0.0061
19.8121,-396.5707,1.0000,1.9425,0.0052
19.9111,-396.5849,1.0000,1.9427,0.0043
20.0101,-396.5991,1.0000,1.9428,0.0035
20.1091,-396.6132,1.0000,1.9430,0.0028
20.2080,-396.6274,1.0000,1.9431,0.0022
20.3070,-396.6416,1.0000,1.9432,0.0017
20.4060,-396.6558,1.0000,1.9433,0.0013
20.5050,-396.6700,1.0000,1.9434,0.0010
20.6040,-396.6841,1.0000,1.9435,0.0007
20.7030,-396.6983,1.0000,1.9435,0.0005
20.8020,-396.7125,1.0000,1.9436,0.0004
20.9010,-396.7267,1.0000,1.9437,0.0003
21.0000,-396.7408,1.0000,1.9437,0.0002
21.0989,-396.7550,1.0000,1.9438,0.0001
21.1979,-396.7692,1.0000,1.9438,0.0001
21.2969,-396.7834,1.0000,1.9439,0.0001
21.3959,-396.7975,1.0000,1.9439,0.0000
21.4949,-396.8117,1.0000,1.9440,0.0000
21.5939,-396.8259,1.0000,1.9440,0.0000
21.6929,-396.8401,1.0000,1.9441,0.0000
21.7919,-396.8543,1.0000,1.9441,0.0000
21.8909,-396.8685,1.0000,1.9441,0.0000
21.9899,-396.8826,1.0000,1.9441,0.0000
22.0888,-396.8968,1.0000,1.9442,0.0000
22.1878,-396.9110,1.0000,1.9442,0.0000
22.2868,-396.9252,1.0000,1.9442,0.0000
22.3858,-396.9394,1.0000,1.9442,0.0000
22.4848,-396.9535,1.0000,1.9442,0.0000
22.5838,-396.9677,1.0000,1.9443,0.0000
22.6828,-396.9819,1.0000,1.9443,0.0000
22.7818,-396.9961,1.0000,1.9443,0.0000
22.8808,-397.0103,1.0000,1.9443,0.0000
22.9797,-397.0244,1.0000,1.9443,0.0000
23.0787,-397.0386,1.0000,1.9443,0.0000
23.1777,-397.0528,1.0000,1.9443,0.0000
23.2767,-397.0670,1.0000,1.9443,0.0000
23.3757,-397.0811,1.0000,1.9443,0.0000
23.4747,-397.0953,1.0000,1.9444,0.0000
23.5737,-397.1095,1.0000,1.9444,0.0000
23.6727,-397.1237,1.0000,1.9444,0.0000
23.7717,-397.1378,1.0000,1.9444,0.0000
23.8707,-397.1520,1.0000,1.9444,0.0000
23.9696,-397.1662,1.0000,1.9444,0.0000
24.0686,-397.1804,1.0000,1.9444,0.0000
24.1676,-397.1946,1.0000,1.9444,0.0000
24.2666,-397.2088,1.0000,1.9444,0.0000
24.3656,-397.2229,1.0000,1.9444,0.0000
24.4646,-397.2371,1.0000,1.9444,0.0000
24.5636,-397.2513,1.0000,1.9444,0.0000
24.6626,-397.2655,1.0000,1.9444,0.0000
24.7616,-397.2797,1.0000,1.9444,0.0000
24.8606,-397.2938,1.0000,1.9444,0.0000
24.9595,-397.3080,1.0000,1.9444,0.0000
25.0585,-397.3222,1.0000,1.9444,0.0000
25.1575,-397.3364,1.0000,1.9444,0.0000
25.2565,-397.3506,1.0000,1.9444,0.0000
25.3555,-397.3647,1.0000,1.9444,0.0000
25.4545,-397.3789,1.0000,1.9444,0.0000
25.5535,-397.3931,1.0000,1.9444,0.0000
25.6525,-397.4073,1.0000,1.9444,0.0000
25.7515,-397.4214,1.0000,1.9444,0.0000
25.8504,-397.4356,1.0000,1.9444,0.0000
25.9494,-397.4498,1.0000,1.9444,0.0000
26.0484,-397.4640,1.0000,1.9444,0.0000
26.1474,-397.4781,1.0000,1.9444,0.0000
26.2464,-397.4923,1.0000,1.9444,0.0000
26.3454,-397.5065,1.0000,1.9444,0.0000
26.4444,-397.5207,1.0000,1.9444,0.0000
26.5434,-397.5349,1.0000,1.9444,0.0000
26.6424,-397.5491,1.0000,1.9444,0.0000
26.7414,-397.5632,1.0000,1.9444,0.0000
26.8403,-397.5774,1.0000,1.9444,0.0000
26.9393,-397.5916,1.0000,1.9444,0.0000
27.0383,-397.6058,1.0000,1.9444,0.0000
27.1373,-397.6200,1.0000,1.9444,0.0000
27.2363,-397.6341,1.0000,1.9444,0.0000
27.3353,-397.6483,1.0000,1.9444,0.0000
27.4343,-397.6625,1.0000,1.9444,0.0000
27.5333,-397.6767,1.0000,1.9444,0.0000
27.6323,-397.6909,1.0000,1.9444,0.0000
27.7313,-397.7050,1.0000,1.9444,0.0000
27.8302,-397.7192,1.0000,1.9444,0.0000
27.9292,-397.7334,1.0000,1.9444,0.0000
28.0282,-397.7476,1.0000,1.9444,0.0000
28.1272,-397.7617,1.0000,1.9444,0.0000
28.2262,-397.7759,1.0000,1.9444,0.0000
28.3252,-397.7901,1.0000,1.9444,0.0000
28.4242,-397.8043,1.0000,1.9444,0.0000
28.5232,-397.8185,1.0000,1.9444,0.0000
28.6222,-397.8326,1.0000,1.9444,0.0000
28.7211,-397.8468,1.0000,1.9444,0.0000
28.8201,-397.8610,1.0000,1.9444,0.0000
28.9191,-397.8752,1.0000,1.9444,0.0000
29.0181,-397.8894,1.0000,1.9444,0.0000
29.1171,-397.9035,1.0000,1.9444,0.0000
29.2161,-397.9177,1.0000,1.9444,0.0000
29.3151,-397.9319,1.0000,1.9444,0.0000
29.4141,-397.9461,1.0000,1.9444,0.0000
29.5131,-397.9603,1.0000,1.9444,0.0000
29.6121,-397.9744,1.0000,1.9444,0.0000
29.7110,-397.9886,1.0000,1.9444,0.0000
29.8100,-398.0028,1.0000,1.9444,0.0000
29.9090,-398.0170,1.0000,1.9444,0.0000
30.0080,-398.0312,1.0000,1.9444,0.0000
30.1070,-398.0453,1.0000,1.9444,0.0000
30.2060,-398.0595,1.0000,1.9444,0.0000
30.3050,-398.0737,1.0000,1.9444,0.0000
30.4040,-398.0879,1.0000,1.9444,0.0000
30.5030,-398.1021,1.0000,1.9444,0.0000
30.6020,-398.1162,1.0000,1.9444,0.0000
30.7009,-398.1304,1.0000,1.9444,0.0000
30.7999,-398.1446,1.0000,1.9444,0.0000
30.8989,-398.1588,1.0000,1.9444,0.0000
30.9979,-398.1729,1.0000,1.9444,0.0000
31.0969,-398.1871,1.0000,1.9444,0.0000
31.1959,-398.2013,1.0000,1.9444,0.0000
31.2949,-398.2155,1.0000,1.9444,0.0000
31.3939,-398.2297,1.0000,1.9444,0.0000
31.4929,-398.2438,1.0000,1.9444,0.0000
31.5918,-398.2580,1.0000,1.9444,0.0000
31.6908,-398.2722,1.0000,1.9444,0.0000
31.7898,-398.2864,1.0000,1.9444,0.0000
31.8888,-398.3006,1.0000,1.9444,0.0000
31.9878,-398.3147,1.0000,1.9444,0.0000
32.0868,-398.3289,1.0000,1.9444,0.0000
32.1858,-398.3431,1.0000,1.9444,0.0000
32.2848,-398.3573,1.0000,1.9444,0.0000
32.3838,-398.3715,1.0000,1.9444,0.0000
32.4828,-398.3856,1.0000,1.9444,0.0000
32.5817,-398.3998,1.0000,1.9444,0.0000
32.6807,-398.4140,1.0000,1.9444,0.0000
32.7797,-398.4282,1.0000,1.9444,0.0000
32.8787,-398.4424,1.0000,1.9444,0.0000
32.9777,-398.4565,1.0000,1.9444,0.0000
33.0767,-398.4707,1.0000,1.9444,0.0000
33.1757,-398.4849,1.0000,1.9444,0.0000
33.2747,-398.4991,1.0000,1.9444,0.0000
33.3737,-398.5132,1.0000,1.9444,0.0000
33.4727,-398.5274,1.0000,1.9444,0.0000
33.5716,-398.5416,1.0000,1.9444,0.0000
33.6706,-398.5558,1.0000,1.9444,0.0000
33.7696,-398.5700,1.0000,1.9444,0.0000
33.8686,-398.5841,1.0000,1.9444,0.0000
33.9676,-398.5983,1.0000,1.9444,0.0000
34.0666,-398.6125,1.0000,1.9444,0.0000
34.1656,-398.6267,1.0000,1.9444,0.0000
34.2646,-398.6409,1.0000,1.9444,0.0000
34.3636,-398.6550,1.0000,1.9444,0.0000
34.4625,-398.6692,1.0000,1.9444,0.0000
34.5615,-398.6834,1.0000,1.9444,0.0000
34.6605,-398.6976,1.0000,1.9444,0.0000
34.7595,-398.7118,1.0000,1.9444,0.0000
34.8585,-398.7259,1.0000,1.9444,0.0000
34.9575,-398.7401,1.0000,1.9444,0.0000
35.0565,-398.7543,1.0000,1.9444,0.0000
35.1555,-398.7685,1.0000,1.9444,0.0000
35.2545,-398.7827,1.0000,1.9444,0.0000
35.3535,-398.7968,1.0000,1.9444,0.0000
35.4524,-398.8110,1.0000,1.9444,0.0000
35.5514,-398.8252,1.0000,1.9444,0.0000
35.6504,-398.8394,1.0000,1.9444,0.0000
35.7494,-398.8535,1.0000,1.9444,0.0000
35.8484,-398.8677,1.0000,1.9444,0.0000
35.9474,-398.8819,1.0000,1.9444,0.0000
36.0464,-398.8961,1.0000,1.9444,0.0000
36.1454,-398.9103,1.0000,1.9444,0.0000
36.2444,-398.9244,1.0000,1.9444,0.0000
36.3434,-398.9386,1.0000,1.9444,0.0000
36.4423,-398.9528,1.0000,1.9444,0.0000
36.5413,-398.9670,1.0000,1.9444,0.0000
36.6403,-398.9812,1.0000,1.9444,0.0000
36.7393,-398.9953,1.0000,1.9444,0.0000
36.8383,-399.0095,1.0000,1.9444,0.0000
36.9373,-399.0237,1.0000,1.9444,0.0000
37.0363,-399.0379,1.0000,1.9444,0.0000
37.1353,-399.0521,1.0000,1.9444,0.0000
37.2343,-399.0662,1.0000,1.9444,0.0000
37.3332,-399.0804,1.0000,1.9444,0.0000
37.4322,-399.0946,1.0000,1.9444,0.0000
37.5312,-399.1088,1.0000,1.9444,0.0000
37.6302,-399.1230,1.0000,1.9444,0.0000
37.7292,-399.1371,1.0000,1.9444,0.0000
37.8282,-399.1513,1.0000,1.9444,0.0000
37.9272,-399.1655,1.0000,1.9444,0.0000
38.0262,-399.1797,1.0000,1.9444,0.0000
38.1252,-399.1938,1.0000,1.9444,0.0000
38.2242,-399.2080,1.0000,1.9444,0.0000
38.3231,-399.2222,1.0000,1.9444,0.0000
38.4221,-399.2364,1.0000,1.9444,0.0000
38.5211,-399.2505,1.0000,1.9444,0.0000
38.6201,-399.2647,1.0000,1.9444,0.0000
38.7191,-399.2789,1.0000,1.9444,0.0000
38.8181,-399.2931,1.0000,1.9444,0.0000
38.9171,-399.3073,1.0000,1.9444,0.0000
39.0161,-399.3215,1.0000,1.9444,0.0000
39.1151,-399.3356,1.0000,1.9444,0.0000
39.2141,-399.3498,1.0000,1.9444,0.0000
39.3130,-399.3640,1.0000,1.9444,0.0000
39.4120,-399.3782,1.0000,1.9444,0.0000
39.5110,-399.3924,1.0000,1.9444,0.0000
39.6100,-399.4065,1.0000,1.9444,0.0000
39.7090,-399.4207,1.0000,1.9444,0.0000
39.8080,-399.4349,1.0000,1.9444,0.0000
39.9070,-399.4491,1.0000,1.9444,0.0000
40.0060,-399.4633,1.0000,1.9444,0.0000
40.1050,-399.4774,1.0000,1.9444,0.0000
40.2039,-399.4916,1.0000,1.9444,0.0000
40.3029,-399.5058,1.0000,1.9444,0.0000
40.4019,-399.5200,1.0000,1.9444,0.0000
40.5009,-399.5341,1.0000,1.9444,0.0000
40.5999,-399.5483,1.0000,1.9444,0.0000
40.6989,-399.5625,1.0000,1.9444,0.0000
40.7979,-399.5767,1.0000,1.9444,0.0000
40.8969,-399.5909,1.0000,1.9444,0.0000
40.9959,-399.6050,1.0000,1.9444,0.0000
41.0949,-399.6192,1.0000,1.9444,0.0000
41.1938,-399.6334,1.0000,1.9444,0.0000
41.2928,-399.6476,1.0000,1.9444,0.0000
41.3918,-399.6618,1.0000,1.9444,0.0000
41.4908,-399.6759,1.0000,1.9444,0.0000
41.5898,-399.6901,1.0000,1.9444,0.0000
41.6888,-399.7043,1.0000,1.9444,0.0000
41.7878,-399.7185,1.0000,1.9444,0.0000
41.8868,-399.7327,1.0000,1.9444,0.0000
41.9858,-399.7468,1.0000,1.9444,0.0000
42.0848,-399.7610,1.0000,1.9444,0.0000
42.1837,-399.7752,1.0000,1.9444,0.0000
42.2827,-399.7894,1.0000,1.9444,0.0000
42.3817,-399.8036,1.0000,1.9444,0.0000
42.4807,-399.8177,1.0000,1.9444,0.0000
42.5797,-399.8319,1.0000,1.9444,0.0000
42.6787,-399.8461,1.0000,1.9444,0.0000
42.7777,-399.8603,1.0000,1.9444,0.0000
42.8767,-399.8745,1.0000,1.9444,0.0000
42.9757,-399.8886,1.0000,1.9444,0.0000
43.0746,-399.9028,1.0000,1.9444,0.0000
43.1736,-399.9170,1.0000,1.9444,0.0000
43.2726,-399.9312,1.0000,1.9444,0.0000
43.3716,-399.9453,1.0000,1.9444,0.0000
43.4706,-399.9595,1.0000,1.9444,0.0000
43.5696,-399.9737,1.0000,1.9444,0.0000
43.6686,-399.9879,1.0000,1.9444,0.0000
43.7676,-400.0021,1.0000,1.9444,0.0000
43.8666,-400.0162,1.0000,1.9444,0.0000
43.9656,-400.0304,1.0000,1.9444,0.0000
44.0645,-400.0446,1.0000,1.9444,0.0000
44.1635,-400.0588,1.0000,1.9444,0.0000
44.2625,-400.0730,1.0000,1.9444,0.0000
44.3615,-400.0871,1.0000,1.9444,0.0000
44.4605,-400.1013,1.0000,1.9444,0.0000
44.5595,-400.1155,1.0000,1.9444,0.0000
44.6585,-400.1297,1.0000,1.9444,0.0000
44.7575,-400.1439,1.0000,1.9444,0.0000
44.8565,-400.1580,1.0000,1.9444,0.0000
44.9555,-400.1722,1.0000,1.9444,0.0000
45.0544,-400.1864,1.0000,1.9444,0.0000
45.1534,-400.2006,1.0000,1.9444,0.0000
45.2524,-400.2148,1.0000,1.9444,0.0000
45.3514,-400.2289,1.0000,1.9444,0.0000
45.4504,-400.2431,1.0000,1.9444,0.0000
45.5494,-400.2573,1.0000,1.9444,0.0000
45.6484,-400.2715,1.0000,1.9444,0.0000
45.7474,-400.2856,1.0000,1.9444,0.0000
45.8464,-400.2998,1.0000,1.9444,0.0000
45.9453,-400.3140,1.0000,1.9444,0.0000
46.0443,-400.3282,1.0000,1.9444,0.0000
46.1433,-400.3424,1.0000,1.9444,0.0000
46.2423,-400.3565,1.0000,1.9444,0.0000
46.3413,-400.3707,1.0000,1.9444,0.0000
46.4403,-400.3849,1.0000,1.9444,0.0000
46.5393,-400.3991,1.0000,1.9444,0.0000
46.6383,-400.4133,1.0000,1.9444,0.0000
46.7373,-400.4274,1.0000,1.9444,0.0000
46.8363,-400.4416,1.0000,1.9444,0.0000
46.9352,-400.4558,1.0000,1.9444,0.0000
47.0342,-400.4700,1.0000,1.9444,0.0000
47.1332,-400.4842,1.0000,1.9444,0.0000
47.2322,-400.4983,1.0000,1.9444,0.0000
47.3312,-400.5125,1.0000,1.9444,0.0000
47.4302,-400.5267,1.0000,1.9444,0.0000
47.5292,-400.5409,1.0000,1.9444,0.0000
47.6282,-400.5551,1.0000,1.9444,0.0000
47.7272,-400.5692,1.0000,1.9444,0.0000
47.8261,-400.5834,1.0000,1.9444,0.0000
47.9251,-400.5976,1.0000,1.9444,0.0000
48.0241,-400.6118,1.0000,1.9444,0.0000
48.1231,-400.6259,1.0000,1.9444,0.0000
48.2221,-400.6401,1.0000,1.9444,0.0000
48.3211,-400.6543,1.0000,1.9444,0.0000
48.4201,-400.6685,1.0000,1.9444,0.0000
48.5191,-400.6827,1.0000,1.9444,0.0000
48.6181,-400.6968,1.0000,1.9444,0.0000
48.7171,-400.7110,1.0000,1.9444,0.0000
48.8160,-400.7252,1.0000,1.9444,0.0000
48.9150,-400.7394,1.0000,1.9444,0.0000
49.0140,-400.7536,1.0000,1.9444,0.0000
49.1130,-400.7677,1.0000,1.9444,0.0000
49.2120,-400.7819,1.0000,1.9444,0.0000
49.3110,-400.7961,1.0000,1.9444,0.0000
49.4100,-400.8103,1.0000,1.9444,0.0000
49.5090,-400.8245,1.0000,1.9444,0.0000
49.6080,-400.8386,1.0000,1.9444,0.0000
49.7070,-400.8528,1.0000,1.9444,0.0000
49.8059,-400.8670,1.0000,1.9444,0.0000
49.9049,-400.8812,1.0000,1.9444,0.0000
50.0039,-400.8954,1.0000,1.9444,0.0000
50.1029,-400.9095,1.0000,1.9444,0.0000
50.2019,-400.9237,1.0000,1.9444,0.0000
50.3009,-400.9379,1.0000,1.9444,0.0000
50.3999,-400.9521,1.0000,1.9444,0.0000
50.4989,-400.9662,1.0000,1.9444,0.0000
50.5979,-400.9804,1.0000,1.9444,0.0000
50.6968,-400.9946,1.0000,1.9444,0.0000
50.7958,-401.0088,1.0000,1.9444,0.0000
50.8948,-401.0230,1.0000,1.9444,0.0000
50.9938,-401.0371,1.0000,1.9444,0.0000
51.0928,-401.0513,1.0000,1.9444,0.0000
51.1918,-401.0655,1.0000,1.9444,0.0000
51.2908,-401.0797,1.0000,1.9444,0.0000
51.3898,-401.0939,1.0000,1.9444,0.0000
51.4888,-401.1080,1.0000,1.9444,0.0000
51.5878,-401.1222,1.0000,1.9444,0.0000
51.6867,-401.1364,1.0000,1.9444,0.0000
51.7857,-401.1506,1.0000,1.9444,0.0000
51.8847,-401.1648,1.0000,1.9444,0.0000
51.9837,-401.1789,1.0000,1.9444,0.0000
52.0827,-401.1931,1.0000,1.9444,0.0000
52.1817,-401.2073,1.0000,1.9444,0.0000
52.2807,-401.2215,1.0000,1.9444,0.0000
52.3797,-401.2357,1.0000,1.9444,0.0000
52.4787,-401.2498,1.0000,1.9444,0.0000
52.5777,-401.2640,1.0000,1.9444,0.0000
52.6766,-401.2782,1.0000,1.9444,0.0000
52.7756,-401.2924,1.0000,1.9444,0.0000
52.8746,-401.3065,1.0000,1.9444,0.0000
52.9736,-401.3207,1.0000,1.9444,0.0000
53.0726,-401.3349,1.0000,1.9444,0.0000
53.1716,-401.3491,1.0000,1.9444,0.0000
53.2706,-401.3633,1.0000,1.9444,0.0000
53.3696,-401.3774,1.0000,1.9444,0.0000
53.4686,-401.3916,1.0000,1.9444,0.0000
53.5676,-401.4058,1.0000,1.9444,0.0000
53.6665,-401.4200,1.0000,1.9444,0.0000
53.7655,-401.4342,1.0000,1.9444,0.0000
53.8645,-401.4483,1.0000,1.9444,0.0000
53.9635,-401.4625,1.0000,1.9444,0.0000
54.0625,-401.4767,1.0000,1.9444,0.0000
54.1615,-401.4909,1.0000,1.9444,0.0000
54.2605,-401.5051,1.0000,1.9444,0.0000
54.3595,-401.5192,1.0000,1.9444,0.0000
54.4585,-401.5334,1.0000,1.9444,0.0000
54.5574,-401.5476,1.0000,1.9444,0.0000
54.6564,-401.5618,1.0000,1.9444,0.0000
54.7554,-401.5760,1.0000,1.9444,0.0000
54.8544,-401.5901,1.0000,1.9444,0.0000
54.9534,-401.6043,1.0000,1.9444,0.0000
55.0524,-401.6185,1.0000,1.9444,0.0000
55.1514,-401.6327,1.0000,1.9444,0.0000
55.2504,-401.6469,1.0000,1.9444,0.0000
55.3494,-401.6610,1.0000,1.9444,0.0000
55.4484,-401.6752,1.0000,1.9444,0.0000
55.5473,-401.6894,1.0000,1.9444,0.0000
55.6463,-401.7036,1.0000,1.9444,0.0000
55.7453,-401.7177,1.0000,1.9444,0.0000
55.8443,-401.7319,1.0000,1.9444,0.0000
55.9433,-401.7461,1.0000,1.9444,0.0000
56.0423,-401.7603,1.0000,1.9444,0.0000
56.1413,-401.7745,1.0000,1.9444,0.0000
56.2403,-401.7886,1.0000,1.9444,0.0000
56.3393,-401.8028,1.0000,1.9444,0.0000
56.4383,-401.8170,1.0000,1.9444,0.0000
56.5372,-401.8312,1.0000,1.9444,0.0000
56.6362,-401.8454,1.0000,1.9444,0.0000
56.7352,-401.8595,1.0000,1.9444,0.0000
56.8342,-401.8737,1.0000,1.9444,0.0000
56.9332,-401.8879,1.0000,1.9444,0.0000
57.0322,-401.9021,1.0000,1.9444,0.0000
57.1312,-401.9163,1.0000,1.9444,0.0000
57.2302,-401.9305,1.0000,1.9444,0.0000
57.3292,-401.9446,1.0000,1.9444,0.0000
57.4281,-401.9588,1.0000,1.9444,0.0000
57.5271,-401.9730,1.0000,1.9444,0.0000
57.6261,-401.9872,1.0000,1.9444,0.0000
57.7251,-402.0013,1.0000,1.9444,0.0000
57.8241,-402.0155,1.0000,1.9444,0.0000
57.9231,-402.0297,1.0000,1.9444,0.0000
58.0221,-402.0439,1.0000,1.9444,0.0000
58.1211,-402.0580,1.0000,1.9444,0.0000
58.2201,-402.0722,1.0000,1.9444,0.0000
58.3191,-402.0864,1.0000,1.9444,0.0000
58.4180,-402.1006,1.0000,1.9444,0.0000
58.5170,-402.1148,1.0000,1.9444,0.0000
58.6160,-402.1289,1.0000,1.9444,0.0000
58.7150,-402.1431,1.0000,1.9444,0.0000
58.8140,-402.1573,1.0000,1.9444,0.0000
58.9130,-402.1715,1.0000,1.9444,0.0000
59.0120,-402.1857,1.0000,1.9444,0.0000
59.1110,-402.1998,1.0000,1.9444,0.0000
59.2100,-402.2140,1.0000,1.9444,0.0000
59.3089,-402.2282,1.0000,1.9444,0.0000
59.4079,-402.2424,1.0000,1.9444,0.0000
59.5069,-402.2566,1.0000,1.9444,0.0000
59.6059,-402.2708,1.0000,1.9444,0.0000
59.7049,-402.2849,1.0000,1.9444,0.0000
59.8039,-402.2991,1.0000,1.9444,0.0000
59.9029,-402.3133,1.0000,1.9444,0.0000
60.0019,-402.3275,1.0000,1.9444,0.0000
60.1009,-402.3416,1.0000,1.9444,0.0000
60.1999,-402.3558,1.0000,1.9444,0.0000
60.2988,-402.3700,1.0000,1.9444,0.0000
60.3978,-402.3842,1.0000,1.9444,0.0000
60.4968,-402.3983,1.0000,1.9444,0.0000
60.5958,-402.4125,1.0000,1.9444,0.0000
60.6948,-402.4267,1.0000,1.9444,0.0000
60.7938,-402.4409,1.0000,1.9444,0.0000
60.8928,-402.4551,1.0000,1.9444,0.0000
60.9918,-402.4692,1.0000,1.9444,0.0000
61.0908,-402.4834,1.0000,1.9444,0.0000
61.1898,-402.4976,1.0000,1.9444,0.0000
61.2887,-402.5118,1.0000,1.9444,0.0000
61.3877,-402.5260,1.0000,1.9444,0.0000
61.4867,-402.5401,1.0000,1.9444,0.0000
61.5857,-402.5543,1.0000,1.9444,0.0000
61.6847,-402.5685,1.0000,1.9444,0.0000
61.7837,-402.5827,1.0000,1.9444,0.0000
61.8827,-402.5969,1.0000,1.9444,0.0000
61.9817,-402.6111,1.0000,1.9444,0.0000
62.0807,-402.6252,1.0000,1.9444,0.0000
62.1796,-402.6394,1.0000,1.9444,0.0000
62.2786,-402.6536,1.0000,1.9444,0.0000
62.3776,-402.6678,1.0000,1.9444,0.0000
62.4766,-402.6819,1.0000,1.9444,0.0000
62.5756,-402.6961,1.0000,1.9444,0.0000
62.6746,-402.7103,1.0000,1.9444,0.0000
62.7736,-402.7245,1.0000,1.9444,0.0000
62.8726,-402.7386,1.0000,1.9444,0.0000
62.9716,-402.7528,1.0000,1.9444,0.0000
63.0706,-402.7670,1.0000,1.9444,0.0000
63.1695,-402.7812,1.0000,1.9444,0.0000
63.2685,-402.7954,1.0000,1.9444,0.0000
63.3675,-402.8095,1.0000,1.9444,0.0000
63.4665,-402.8237,1.0000,1.9444,0.0000
63.5655,-402.8379,1.0000,1.9444,0.0000
63.6645,-402.8521,1.0000,1.9444,0.0000
63.7635,-402.8663,1.0000,1.9444,0.0000
63.8625,-402.8804,1.0000,1.9444,0.0000
63.9615,-402.8946,1.0000,1.9444,0.0000
64.0605,-402.9088,1.0000,1.9444,0.0000
64.1594,-402.9230,1.0000,1.9444,0.0000
64.2584,-402.9372,1.0000,1.9444,0.0000
64.3574,-402.9514,1.0000,1.9444,0.0000
64.4564,-402.9655,1.0000,1.9444,0.0000
64.5554,-402.9797,1.0000,1.9444,0.0000
64.6544,-402.9939,1.0000,1.9444,0.0000
64.7534,-403.0081,1.0000,1.9444,0.0000
64.8524,-403.0222,1.0000,1.9444,0.0000
64.9514,-403.0364,1.0000,1.9444,0.0000
65.0503,-403.0506,1.0000,1.9444,0.0000
65.1493,-403.0648,1.0000,1.9444,0.0000
65.2483,-403.0789,1.0000,1.9444,0.0000
65.3473,-403.0931,1.0000,1.9444,0.0000
65.4463,-403.1073,1.0000,1.9444,0.0000
65.5453,-403.1215,1.0000,1.9444,0.0000
65.6443,-403.1357,1.0000,1.9444,0.0000
65.7433,-403.1498,1.0000,1.9444,0.0000
65.8423,-403.1640,1.0000,1.9444,0.0000
65.9413,-403.1782,1.0000,1.9444,0.0000
66.0402,-403.1924,1.0000,1.9444,0.0000
66.1392,-403.2066,1.0000,1.9444,0.0000
66.2382,-403.2207,1.0000,1.9444,0.0000
66.3372,-403.2349,1.0000,1.9444,0.0000
66.4362,-403.2491,1.0000,1.9444,0.0000
66.5352,-403.2633,1.0000,1.9444,0.0000
66.6342,-403.2775,1.0000,1.9444,0.0000
66.7332,-403.2917,1.0000,1.9444,0.0000
66.8322,-403.3058,1.0000,1.9444,0.0000
66.9312,-403.3200,1.0000,1.9444,0.0000
67.0301,-403.3342,1.0000,1.9444,0.0000
67.1291,-403.3484,1.0000,1.9444,0.0000
67.2281,-403.3625,1.0000,1.9444,0.0000
67.3271,-403.3767,1.0000,1.9444,0.0000
67.4261,-403.3909,1.0000,1.9444,0.0000
67.5251,-403.4051,1.0000,1.9444,0.0000
67.6241,-403.4193,1.0000,1.9444,0.0000
67.7231,-403.4334,1.0000,1.9444,0.0000
67.8221,-403.4476,1.0000,1.9444,0.0000
67.9211,-403.4618,1.0000,1.9444,0.0000
68.0200,-403.4760,1.0000,1.9444,0.0000
68.1190,-403.4901,1.0000,1.9444,0.0000
68.2180,-403.5043,1.0000,1.9444,0.0000
68.3170,-403.5185,1.0000,1.9444,0.0000
68.4160,-403.5327,1.0000,1.9444,0.0000
68.5150,-403.5469,1.0000,1.9444,0.0000
68.6140,-403.5610,1.0000,1.9444,0.0000
68.7130,-403.5752,1.0000,1.9444,0.0000
68.8120,-403.5894,1.0000,1.9444,0.0000
68.9109,-403.6036,1.0000,1.9444,0.0000
69.0099,-403.6178,1.0000,1.9444,0.0000
69.1089,-403.6319,1.0000,1.9444,0.0000
69.2079,-403.6461,1.0000,1.9444,0.0000
69.3069,-403.6603,1.0000,1.9444,0.0000
69.4059,-403.6745,1.0000,1.9444,0.0000
69.5049,-403.6887,1.0000,1.9444,0.0000
69.6039,-403.7029,1.0000,1.9444,0.0000
69.7029,-403.7170,1.0000,1.9444,0.0000
69.8018,-403.7312,1.0000,1.9444,0.0000
69.9008,-403.7454,1.0000,1.9444,0.0000
69.9998,-403.7596,1.0000,1.9444,0.0000
70.0988,-403.7737,1.0000,1.9444,0.0000
70.1978,-403.7879,1.0000,1.9444,0.0000
70.2968,-403.8021,1.0000,1.9444,0.0000
70.3958,-403.8163,1.0000,1.9444,0.0000
70.4948,-403.8304,1.0000,1.9444,0.0000
70.5938,-403.8446,1.0000,1.9444,0.0000
70.6928,-403.8588,1.0000,1.9444,0.0000
70.7917,-403.8730,1.0000,1.9444,0.0000
70.8907,-403.8872,1.0000,1.9444,0.0000
70.9897,-403.9013,1.0000,1.9444,0.0000
71.0887,-403.9155,1.0000,1.9444,0.0000
71.1877,-403.9297,1.0000,1.9444,0.0000
71.2867,-403.9439,1.0000,1.9444,0.0000
71.3857,-403.9581,1.0000,1.9444,0.0000
71.4847,-403.9722,1.0000,1.9444,0.0000
71.5837,-403.9864,1.0000,1.9444,0.0000
71.6827,-404.0006,1.0000,1.9444,0.0000
71.7816,-404.0148,1.0000,1.9444,0.0000
71.8806,-404.0290,1.0000,1.9444,0.0000
71.9796,-404.0432,1.0000,1.9444,0.0000
72.0786,-404.0573,1.0000,1.9444,0.0000
72.1776,-404.0715,1.0000,1.9444,0.0000
72.2766,-404.0857,1.0000,1.9444,0.0000
72.3756,-404.0999,1.0000,1.9444,0.0000
72.4746,-404.1140,1.0000,1.9444,0.0000
72.5736,-404.1282,1.0000,1.9444,0.0000
72.6726,-404.1424,1.0000,1.9444,0.0000
72.7715,-404.1566,1.0000,1.9444,0.0000
72.8705,-404.1707,1.0000,1.9444,0.0000
72.9695,-404.1849,1.0000,1.9444,0.0000
73.0685,-404.1991,1.0000,1.9444,0.0000
73.1675,-404.2133,1.0000,1.9444,0.0000
73.2665,-404.2275,1.0000,1.9444,0.0000
73.3655,-404.2416,1.0000,1.9444,0.0000
73.4645,-404.2558,1.0000,1.9444,0.0000
73.5635,-404.2700,1.0000,1.9444,0.0000
73.6624,-404.2842,1.0000,1.9444,0.0000
73.7614,-404.2984,1.0000,1.9444,0.0000
73.8604,-404.3125,1.0000,1.9444,0.0000
73.9594,-404.3267,1.0000,1.9444,0.0000
74.0584,-404.3409,1.0000,1.9444,0.0000
74.1574,-404.3551,1.0000,1.9444,0.0000
74.2564,-404.3693,1.0000,1.9444,0.0000
74.3554,-404.3835,1.0000,1.9444,0.0000
74.4544,-404.3976,1.0000,1.9444,0.0000
74.5534,-404.4118,1.0000,1.9444,0.0000
74.6523,-404.4260,1.0000,1.9444,0.0000
74.7513,-404.4402,1.0000,1.9444,0.0000
74.8503,-404.4543,1.0000,1.9444,0.0000
74.9493,-404.4685,1.0000,1.9444,0.0000
75.0483,-404.4827,1.0000,1.9444,0.0000
75.1473,-404.4969,1.0000,1.9444,0.0000
75.2463,-404.5110,1.0000,1.9444,0.0000
75.3453,-404.5252,1.0000,1.9444,0.0000
75.4443,-404.5394,1.0000,1.9444,0.0000
75.5433,-404.5536,1.0000,1.9444,0.0000
75.6422,-404.5678,1.0000,1.9444,0.0000
75.7412,-404.5819,1.0000,1.9444,0.0000
75.8402,-404.5961,1.0000,1.9444,0.0000
75.9392,-404.6103,1.0000,1.9444,0.0000
76.0382,-404.6245,1.0000,1.9444,0.0000
76.1372,-404.6387,1.0000,1.9444,0.0000
76.2362,-404.6528,1.0000,1.9444,0.0000
76.3352,-404.6670,1.0000,1.9444,0.0000
76.4342,-404.6812,1.0000,1.9444,0.0000
76.5331,-404.6954,1.0000,1.9444,0.0000
76.6321,-404.7096,1.0000,1.9444,0.0000
76.7311,-404.7238,1.0000,1.9444,0.0000
76.8301,-404.7379,1.0000,1.9444,0.0000
76.9291,-404.7521,1.0000,1.9444,0.0000
77.0281,-404.7663,1.0000,1.9444,0.0000
77.1271,-404.7805,1.0000,1.9444,0.0000
77.2261,-404.7946,1.0000,1.9444,0.0000
77.3251,-404.8088,1.0000,1.9444,0.0000
77.4241,-404.8230,1.0000,1.9444,0.0000
77.5230,-404.8372,1.0000,1.9444,0.0000
77.6220,-404.8513,1.0000,1.9444,0.0000
77.7210,-404.8655,1.0000,1.9444,0.0000
77.8200,-404.8797,1.0000,1.9444,0.0000
77.9190,-404.8939,1.0000,1.9444,0.0000
78.0180,-404.9081,1.0000,1.9444,0.0000
78.1170,-404.9222,1.0000,1.9444,0.0000
78.2160,-404.9364,1.0000,1.9444,0.0000
78.3150,-404.9506,1.0000,1.9444,0.0000
78.4139,-404.9648,1.0000,1.9444,0.0000
78.5129,-404.9790,1.0000,1.9444,0.0000
78.6119,-404.9931,1.0000,1.9444,0.0000
78.7109,-405.0073,1.0000,1.9444,0.0000
78.8099,-405.0215,1.0000,1.9444,0.0000
78.9089,-405.0357,1.0000,1.9444,0.0000
79.0079,-405.0499,1.0000,1.9444,0.0000
79.1069,-405.0641,1.0000,1.9444,0.0000
79.2059,-405.0782,1.0000,1.9444,0.0000
79.3049,-405.0924,1.0000,1.9444,0.0000
79.4038,-405.1066,1.0000,1.9444,0.0000
79.5028,-405.1208,1.0000,1.9444,0.0000
79.6018,-405.1349,1.0000,1.9444,0.0000
79.7008,-405.1491,1.0000,1.9444,0.0000
79.7998,-405.1633,1.0000,1.9444,0.0000
79.8988,-405.1775,1.0000,1.9444,0.0000
79.9978,-405.1917,1.0000,1.9444,0.0000
80.0968,-405.2058,1.0000,1.9444,0.0000
80.1958,-405.2200,1.0000,1.9444,0.0000
80.2948,-405.2342,1.0000,1.9444,0.0000
80.3937,-405.2484,1.0000,1.9444,0.0000
80.4927,-405.2625,1.0000,1.9444,0.0000
80.5917,-405.2767,1.0000,1.9444,0.0000
80.6907,-405.2909,1.0000,1.9444,0.0000
80.7897,-405.3051,1.0000,1.9444,0.0000
80.8887,-405.3193,1.0000,1.9444,0.0000
80.9877,-405.3334,1.0000,1.9444,0.0000
81.0867,-405.3476,1.0000,1.9444,0.0000
81.1857,-405.3618,1.0000,1.9444,0.0000
81.2847,-405.3760,1.0000,1.9444,0.0000
81.3836,-405.3902,1.0000,1.9444,0.0000
81.4826,-405.4044,1.0000,1.9444,0.0000
81.5816,-405.4185,1.0000,1.9444,0.0000
81.6806,-405.4327,1.0000,1.9444,0.0000
81.7796,-405.4469,1.0000,1.9444,0.0000
81.8786,-405.4611,1.0000,1.9444,0.0000
81.9776,-405.4753,1.0000,1.9444,0.0000
82.0766,-405.4894,1.0000,1.9444,0.0000
82.1756,-405.5036,1.0000,1.9444,0.0000
82.2745,-405.5178,1.0000,1.9444,0.0000
82.3735,-405.5320,1.0000,1.9444,0.0000
82.4725,-405.5461,1.0000,1.9444,0.0000
82.5715,-405.5603,1.0000,1.9444,0.0000
82.6705,-405.5745,1.0000,1.9444,0.0000
82.7695,-405.5887,1.0000,1.9444,0.0000
82.8685,-405.6028,1.0000,1.9444,0.0000
82.9675,-405.6170,1.0000,1.9444,0.0000
83.0665,-405.6312,1.0000,1.9444,0.0000
83.1655,-405.6454,1.0000,1.9444,0.0000
83.2644,-405.6596,1.0000,1.9444,0.0000
83.3634,-405.6737,1.0000,1.9444,0.0000
83.4624,-405.6879,1.0000,1.9444,0.0000
83.5614,-405.7021,1.0000,1.9444,0.0000
83.6604,-405.7163,1.0000,1.9444,0.0000
83.7594,-405.7305,1.0000,1.9444,0.0000
83.8584,-405.7447,1.0000,1.9444,0.0000
83.9574,-405.7588,1.0000,1.9444,0.0000
84.0564,-405.7730,1.0000,1.9444,0.0000
84.1553,-405.7872,1.0000,1.9444,0.0000
84.2543,-405.8014,1.0000,1.9444,0.0000
84.3533,-405.8156,1.0000,1.9444,0.0000
84.4523,-405.8297,1.0000,1.9444,0.0000
84.5513,-405.8439,1.0000,1.9444,0.0000
84.6503,-405.8581,1.0000,1.9444,0.0000
84.7493,-405.8723,1.0000,1.9444,0.0000
84.8483,-405.8864,1.0000,1.9444,0.0000
84.9473,-405.9006,1.0000,1.9444,0.0000
85.0463,-405.9148,1.0000,1.9444,0.0000
85.1452,-405.9290,1.0000,1.9444,0.0000
85.2442,-405.9431,1.0000,1.9444,0.0000
85.3432,-405.9573,1.0000,1.9444,0.0000
85.4422,-405.9715,1.0000,1.9444,0.0000
85.5412,-405.9857,1.0000,1.9444,0.0000
85.6402,-405.9999,1.0000,1.9444,0.0000
85.7392,-406.0140,1.0000,1.9444,0.0000
85.8382,-406.0282,1.0000,1.9444,0.0000
85.9372,-406.0424,1.0000,1.9444,0.0000
86.0362,-406.0566,1.0000,1.9444,0.0000
86.1351,-406.0708,1.0000,1.9444,0.0000
86.2341,-406.0850,1.0000,1.9444,0.0000
86.3331,-406.0991,1.0000,1.9444,0.0000
86.4321,-406.1133,1.0000,1.9444,0.0000
86.5311,-406.1275,1.0000,1.9444,0.0000
86.6301,-406.1417,1.0000,1.9444,0.0000
86.7291,-406.1559,1.0000,1.9444,0.0000
86.8281,-406.1700,1.0000,1.9444,0.0000
86.9271,-406.1842,1.0000,1.9444,0.0000
87.0260,-406.1984,1.0000,1.9444,0.0000
87.1250,-406.2126,1.0000,1.9444,0.0000
87.2240,-406.2267,1.0000,1.9444,0.0000
87.3230,-406.2409,1.0000,1.9444,0.0000
87.4220,-406.2551,1.0000,1.9444,0.0000
87.5210,-406.2693,1.0000,1.9444,0.0000
87.6200,-406.2834,1.0000,1.9444,0.0000
87.7190,-406.2976,1.0000,1.9444,0.0000
87.8180,-406.3118,1.0000,1.9444,0.0000
87.9170,-406.3260,1.0000,1.9444,0.0000
88.0159,-406.3402,1.0000,1.9434,0.0000
88.1149,-406.3543,1.0000,1.9413,0.0000
88.2139,-406.3685,1.0000,1.9381,0.0000
88.3129,-406.3827,1.0000,1.9337,0.0000
88.4119,-406.3969,1.0000,1.9282,0.0000
88.5109,-406.4111,1.0000,1.9214,0.0000
88.6099,-406.4253,1.0000,1.9134,0.0000
88.7089,-406.4394,1.0000,1.9041,0.0000
88.8079,-406.4536,1.0000,1.8934,0.0000
88.9069,-406.4678,1.0000,1.8814,0.0000
89.0058,-406.4820,1.0000,1.8679,0.0000
89.1048,-406.4962,1.0000,1.8530,0.0000
89.2038,-406.5103,1.0000,1.8365,0.0000
89.3028,-406.5245,1.0000,1.8185,0.0000
89.4018,-406.5387,1.0000,1.7983,0.0000
89.5008,-406.5529,1.0000,1.7757,0.0000
89.5998,-406.5670,1.0000,1.7535,0.0000
89.6988,-406.5812,1.0000,1.7316,0.0000
89.7978,-406.5954,1.0000,1.7102,0.0000
89.8968,-406.6096,1.0000,1.6892,0.0000
89.9957,-406.6237,1.0000,1.6688,0.0000
90.0947,-406.6379,1.0000,1.6490,0.0000
90.1937,-406.6521,1.0000,1.6299,0.0000
90.2927,-406.6663,1.0000,1.6115,0.0000
90.3917,-406.6805,1.0000,1.5939,0.0000
90.4907,-406.6946,1.0000,1.5771,0.0000
90.5897,-406.7088,1.0000,1.5613,0.0000
90.6887,-406.7230,1.0000,1.5464,0.0000
90.7877,-406.7372,1.0000,1.5327,0.0000
90.8866,-406.7514,1.0000,1.5202,0.0000
90.9856,-406.7656,1.0000,1.5094,0.0000
91.0846,-406.7797,1.0000,1.5008,0.0000
91.1836,-406.7939,1.0000,1.4926,0.0000
91.2826,-406.8081,1.0000,1.4849,0.0000
91.3816,-406.8223,1.0000,1.4777,0.0000
91.4806,-406.8365,1.0000,1.4708,0.0000
91.5796,-406.8506,1.0000,1.4645,0.0000
91.6786,-406.8648,1.0000,1.4585,0.0000
91.7775,-406.8790,1.0000,1.4530,0.0000
91.8765,-406.8932,1.0000,1.4479,0.0000
91.9755,-406.9073,1.0000,1.4432,0.0000
92.0745,-406.9215,1.0000,1.4388,0.0000
92.1735,-406.9357,1.0000,1.4349,0.0000
92.2725,-406.9499,1.0000,1.4313,0.0000
92.3715,-406.9641,1.0000,1.4280,0.0000
92.4705,-406.9782,1.0000,1.4250,0.0000
92.5695,-406.9924,1.0000,1.4223,0.0000
92.6685,-407.0066,1.0000,1.4198,0.0000
92.7674,-407.0208,1.0000,1.4174,0.0000
92.8664,-407.0349,1.0000,1.4153,0.0000
92.9654,-407.0491,1.0000,1.4132,0.0000
93.0644,-407.0633,1.0000,1.4114,0.0000
93.1634,-407.0775,1.0000,1.4097,0.0000
93.2624,-407.0917,1.0000,1.4081,0.0000
93.3614,-407.1059,1.0000,1.4067,0.0000
93.4604,-407.1200,1.0000,1.4053,0.0000
93.5594,-407.1342,1.0000,1.4041,0.0000
93.6584,-407.1484,1.0000,1.4030,0.0000
93.7573,-407.1626,1.0000,1.4020,0.0000
93.8563,-407.1768,1.0000,1.4010,0.0000
93.9553,-407.1909,1.0000,1.4001,0.0000
94.0543,-407.2051,1.0000,1.3993,0.0000
94.1533,-407.2193,1.0000,1.3986,0.0000
94.2523,-407.2335,1.0000,1.3979,0.0000
94.3513,-407.2477,1.0000,1.3973,0.0000
94.4503,-407.2618,1.0000,1.3967,0.0000
94.5493,-407.2760,1.0000,1.3962,0.0000
94.6483,-407.2902,1.0000,1.3957,0.0000
94.7472,-407.3044,1.0000,1.3952,0.0000
94.8462,-407.3185,1.0000,1.3948,0.0000
94.9452,-407.3327,1.0000,1.3944,0.0000
95.0442,-407.3469,1.0000,1.3941,0.0000
95.1432,-407.3611,1.0000,1.3938,0.0000
95.2422,-407.3752,1.0000,1.3935,0.0000
95.3412,-407.3894,1.0000,1.3932,0.0000
95.4402,-407.4036,1.0000,1.3929,0.0000
95.5392,-407.4178,1.0000,1.3927,0.0000
95.6381,-407.4320,1.0000,1.3925,0.0000
95.7371,-407.4462,1.0000,1.3923,0.0000
95.8361,-407.4603,1.0000,1.3921,0.0000
95.9351,-407.4745,1.0000,1.3919,0.0000
96.0341,-407.4887,1.0000,1.3918,0.0000
96.1331,-407.5029,1.0000,1.3916,0.0000
96.2321,-407.5171,1.0000,1.3915,0.0000
96.3311,-407.5312,1.0000,1.3914,0.0000
96.4301,-407.5454,1.0000,1.3913,0.0000
96.5291,-407.5596,1.0000,1.3912,0.0000
96.6280,-407.5738,1.0000,1.3911,0.0000
96.7270,-407.5880,1.0000,1.3910,0.0000
96.8260,-407.6021,1.0000,1.3909,0.0000
96.9250,-407.6163,1.0000,1.3908,0.0000
97.0240,-407.6305,1.0000,1.3908,0.0000
97.1230,-407.6447,1.0000,1.3907,0.0000
97.2220,-407.6588,1.0000,1.3907,0.0000
97.3210,-407.6730,1.0000,1.3906,0.0000
97.4200,-407.6872,1.0000,1.3906,0.0000
97.5190,-407.7014,1.0000,1.3905,0.0000
97.6179,-407.7155,1.0000,1.3905,0.0000
97.7169,-407.7297,1.0000,1.3904,0.0000
97.8159,-407.7439,1.0000,nan,0.0000
97.9149,-407.7581,1.0000,nan,0.0000
98.0139,-407.7723,1.0000,nan,0.0000
98.1129,-407.7865,1.0000,nan,0.0000
98.2119,-407.8006,1.0000,nan,0.0000
98.3109,-407.8148,1.0000,nan,0.0000
98.4099,-407.8290,1.0000,nan,0.0000
98.5089,-407.8432,1.0000,nan,0.0000
98.6078,-407.8574,1.0000,nan,0.0000
98.7068,-407.8716,1.0000,nan,0.0000
98.8058,-407.8858,1.0000,nan,0.0000
98.9048,-407.9000,1.0000,nan,0.0001
99.0038,-407.9141,1.0000,nan,0.0001
99.1028,-407.9282,1.0000,nan,0.0001
99.2018,-407.9421,1.0000,nan,0.0001
99.2600,-407.9501,1.0000,0.3000,0.0001
